{"graph":{"nodes":[{"primitiveID":"StepRichLabelNode21_2415","primitiveName":"StepRichLabelNode21","properties":{"testField":{"expression":"","type":"expression","status":"complete","value":""}},"extensionName":"ExtensionRiskPrimitives","nodeTitle":"<p>Затраты за км</p>","initPorts":[{"primitiveName":"outPort1","type":["OUT"],"properties":{"status":{"expression":"","type":"expression","status":"complete","value":""}},"primitiveID":"StepRichLabelNode21_2415_outPort1","location":{"x":626.375,"y":837.52}},{"primitiveName":"inPort2","type":["IN"],"properties":{"status":{"expression":"let portOwner = graph.ports.find(port => port.tag.primitiveID === primitiveID).owner;\nlet inEdges = graph.inEdgesAt(portOwner).filter(edge => edge.targetPort.tag.primitiveID === primitiveID).toArray()\nif (inEdges.length < 1) ''\nelse {\neval(inEdges[0].sourcePort.tag.primitiveID).status\n}","type":"expression","status":"complete","value":""}},"primitiveID":"StepRichLabelNode21_2415_inPort2","location":{"x":700.475,"y":914.48}},{"primitiveName":"inPort1","type":["IN"],"properties":{"status":{"expression":"let portOwner = graph.ports.find(port => port.tag.primitiveID === primitiveID).owner;\nlet inEdges = graph.inEdgesAt(portOwner).filter(edge => edge.targetPort.tag.primitiveID === primitiveID).toArray()\nif (inEdges.length < 1) ''\nelse {\neval(inEdges[0].sourcePort.tag.primitiveID).status\n}","type":"expression","status":"complete","value":""}},"primitiveID":"StepRichLabelNode21_2415_inPort1","location":{"x":552.275,"y":914.48}}],"layout":{"x":502.875,"y":839,"height":74,"width":247}},{"primitiveID":"StepRichLabelNode21_2416","primitiveName":"StepRichLabelNode21","properties":{"testField":{"expression":"","type":"expression","status":"complete","value":""}},"extensionName":"ExtensionRiskPrimitives","nodeTitle":"<p><strong>Паспортизация автомобильных дорог, автодорожных мостов</strong></p>","initPorts":[{"primitiveName":"inPort2","type":["IN"],"properties":{"status":{"expression":"let portOwner = graph.ports.find(port => port.tag.primitiveID === primitiveID).owner;\nlet inEdges = graph.inEdgesAt(portOwner).filter(edge => edge.targetPort.tag.primitiveID === primitiveID).toArray()\nif (inEdges.length < 1) ''\nelse {\neval(inEdges[0].sourcePort.tag.primitiveID).status\n}","type":"expression","status":"complete","value":""}},"primitiveID":"StepRichLabelNode21_2416_inPort2","location":{"x":904.7625,"y":790.0699999999999}},{"primitiveName":"inPort1","type":["IN"],"properties":{"status":{"expression":"let portOwner = graph.ports.find(port => port.tag.primitiveID === primitiveID).owner;\nlet inEdges = graph.inEdgesAt(portOwner).filter(edge => edge.targetPort.tag.primitiveID === primitiveID).toArray()\nif (inEdges.length < 1) ''\nelse {\neval(inEdges[0].sourcePort.tag.primitiveID).status\n}","type":"expression","status":"complete","value":""}},"primitiveID":"StepRichLabelNode21_2416_inPort1","location":{"x":737.3625,"y":790.0699999999999}},{"primitiveName":"outPort1","type":["OUT"],"properties":{"status":{"expression":"","type":"expression","status":"complete","value":""}},"primitiveID":"StepRichLabelNode21_2416_outPort1","location":{"x":821.0625,"y":695.4300000000001}}],"layout":{"x":681.5625,"y":697.25,"height":91,"width":279}},{"primitiveID":"ControlledRichLabelNode01_15705","primitiveName":"ControlledRichLabelNode01","properties":{"testField":{"expression":"","type":"expression","status":"complete","value":""}},"extensionName":"ExtensionRiskPrimitives","nodeTitle":"<p>Кол-во метров</p>","initPorts":[{"primitiveName":"outPort1","type":["OUT"],"properties":{"status":{"expression":"","type":"expression","status":"complete","value":""}},"primitiveID":"ControlledRichLabelNode01_15705_outPort1","location":{"x":1103.703125,"y":962.27}}],"layout":{"x":1040.703125,"y":963.75,"height":74,"width":126}},{"primitiveID":"ControlledRichLabelNode01_15706","primitiveName":"ControlledRichLabelNode01","properties":{"testField":{"expression":"","type":"expression","status":"complete","value":""}},"extensionName":"ExtensionRiskPrimitives","nodeTitle":"<p>Тариф за м.</p>","initPorts":[{"primitiveName":"outPort1","type":["OUT"],"properties":{"status":{"expression":"","type":"expression","status":"complete","value":""}},"primitiveID":"ControlledRichLabelNode01_15706_outPort1","location":{"x":907.6015625,"y":962.27}}],"layout":{"x":855.1015625,"y":963.75,"height":74,"width":105}},{"primitiveID":"StepRichLabelNode21_2417","primitiveName":"StepRichLabelNode21","properties":{"testField":{"expression":"","type":"expression","status":"complete","value":""}},"extensionName":"ExtensionRiskPrimitives","nodeTitle":"<p>Затраты за погонные метры</p>","initPorts":[{"primitiveName":"inPort2","type":["IN"],"properties":{"status":{"expression":"let portOwner = graph.ports.find(port => port.tag.primitiveID === primitiveID).owner;\nlet inEdges = graph.inEdgesAt(portOwner).filter(edge => edge.targetPort.tag.primitiveID === primitiveID).toArray()\nif (inEdges.length < 1) ''\nelse {\neval(inEdges[0].sourcePort.tag.primitiveID).status\n}","type":"expression","status":"complete","value":""}},"primitiveID":"StepRichLabelNode21_2417_inPort2","location":{"x":1079.1,"y":914.48}},{"primitiveName":"outPort1","type":["OUT"],"properties":{"status":{"expression":"","type":"expression","status":"complete","value":""}},"primitiveID":"StepRichLabelNode21_2417_outPort1","location":{"x":1005,"y":837.52}},{"primitiveName":"inPort1","type":["IN"],"properties":{"status":{"expression":"let portOwner = graph.ports.find(port => port.tag.primitiveID === primitiveID).owner;\nlet inEdges = graph.inEdgesAt(portOwner).filter(edge => edge.targetPort.tag.primitiveID === primitiveID).toArray()\nif (inEdges.length < 1) ''\nelse {\neval(inEdges[0].sourcePort.tag.primitiveID).status\n}","type":"expression","status":"complete","value":""}},"primitiveID":"StepRichLabelNode21_2417_inPort1","location":{"x":930.9,"y":914.48}}],"layout":{"x":881.5,"y":839,"height":74,"width":247}},{"primitiveID":"ControlledRichLabelNode01_15707","primitiveName":"ControlledRichLabelNode01","properties":{"testField":{"expression":"","type":"expression","status":"complete","value":""}},"extensionName":"ExtensionRiskPrimitives","nodeTitle":"<p>Протяженность, км.</p>","initPorts":[{"primitiveName":"outPort1","type":["OUT"],"properties":{"status":{"expression":"","type":"expression","status":"complete","value":""}},"primitiveID":"ControlledRichLabelNode01_15707_outPort1","location":{"x":711.5,"y":962.27}}],"layout":{"x":648.5,"y":963.75,"height":74,"width":126}},{"primitiveID":"ControlledRichLabelNode01_15708","primitiveName":"ControlledRichLabelNode01","properties":{"testField":{"expression":"","type":"expression","status":"complete","value":""}},"extensionName":"ExtensionRiskPrimitives","nodeTitle":"<p>Тариф, за км.</p>","initPorts":[{"primitiveName":"outPort1","type":["OUT"],"properties":{"status":{"expression":"","type":"expression","status":"complete","value":""}},"primitiveID":"ControlledRichLabelNode01_15708_outPort1","location":{"x":544.75,"y":962.27}}],"layout":{"x":492.25,"y":963.75,"height":74,"width":105}},{"primitiveID":"ControlledRichLabelNode01_15709","primitiveName":"ControlledRichLabelNode01","properties":{"testField":{"expression":"","type":"expression","status":"complete","value":""}},"extensionName":"ExtensionRiskPrimitives","nodeTitle":"<p>Кол-во мес.</p>","initPorts":[{"primitiveName":"outPort1","type":["OUT"],"properties":{"status":{"expression":"","type":"expression","status":"complete","value":""}},"primitiveID":"ControlledRichLabelNode01_15709_outPort1","location":{"x":165.25,"y":837.52}}],"layout":{"x":91.75,"y":839,"height":74,"width":147}},{"primitiveID":"StepRichLabelNode21_2418","primitiveName":"StepRichLabelNode21","properties":{"testField":{"expression":"","type":"expression","status":"complete","value":""}},"extensionName":"ExtensionRiskPrimitives","nodeTitle":"<p><strong>Услуги по организации авиационного обеспечения</strong></p>","initPorts":[{"primitiveName":"outPort1","type":["OUT"],"properties":{"status":{"expression":"","type":"expression","status":"complete","value":""}},"primitiveID":"StepRichLabelNode21_2418_outPort1","location":{"x":82.25,"y":695.4300000000001}},{"primitiveName":"inPort1","type":["IN"],"properties":{"status":{"expression":"let portOwner = graph.ports.find(port => port.tag.primitiveID === primitiveID).owner;\nlet inEdges = graph.inEdgesAt(portOwner).filter(edge => edge.targetPort.tag.primitiveID === primitiveID).toArray()\nif (inEdges.length < 1) ''\nelse {\neval(inEdges[0].sourcePort.tag.primitiveID).status\n}","type":"expression","status":"complete","value":""}},"primitiveID":"StepRichLabelNode21_2418_inPort1","location":{"x":-1.4499999999999886,"y":790.0699999999999}},{"primitiveName":"inPort2","type":["IN"],"properties":{"status":{"expression":"let portOwner = graph.ports.find(port => port.tag.primitiveID === primitiveID).owner;\nlet inEdges = graph.inEdgesAt(portOwner).filter(edge => edge.targetPort.tag.primitiveID === primitiveID).toArray()\nif (inEdges.length < 1) ''\nelse {\neval(inEdges[0].sourcePort.tag.primitiveID).status\n}","type":"expression","status":"complete","value":""}},"primitiveID":"StepRichLabelNode21_2418_inPort2","location":{"x":165.95000000000002,"y":790.0699999999999}}],"layout":{"x":-57.25,"y":697.25,"height":91,"width":279}},{"primitiveID":"ControlledRichLabelNode01_15710","primitiveName":"ControlledRichLabelNode01","properties":{"testField":{"expression":"","type":"expression","status":"complete","value":""}},"extensionName":"ExtensionRiskPrimitives","nodeTitle":"<p>Тариф, руб/мес.</p>","initPorts":[{"primitiveName":"outPort1","type":["OUT"],"properties":{"status":{"expression":"","type":"expression","status":"complete","value":""}},"primitiveID":"ControlledRichLabelNode01_15710_outPort1","location":{"x":-1.4499999999999886,"y":837.52}}],"layout":{"x":-74.94999999999999,"y":839,"height":74,"width":147}},{"primitiveID":"ControlledRichLabelNode01_15711","primitiveName":"ControlledRichLabelNode01","properties":{"testField":{"expression":"","type":"expression","status":"complete","value":""}},"extensionName":"ExtensionRiskPrimitives","nodeTitle":"<p>Кол-во летных часов</p>","initPorts":[{"primitiveName":"outPort1","type":["OUT"],"properties":{"status":{"expression":"","type":"expression","status":"complete","value":""}},"primitiveID":"ControlledRichLabelNode01_15711_outPort1","location":{"x":359.25,"y":571.02}}],"layout":{"x":296.25,"y":572.5,"height":74,"width":126}},{"primitiveID":"ControlledRichLabelNode01_15712","primitiveName":"ControlledRichLabelNode01","properties":{"testField":{"expression":"","type":"expression","status":"complete","value":""}},"extensionName":"ExtensionRiskPrimitives","nodeTitle":"<p>Тариф</p>","initPorts":[{"primitiveName":"outPort1","type":["OUT"],"properties":{"status":{"expression":"","type":"expression","status":"complete","value":""}},"primitiveID":"ControlledRichLabelNode01_15712_outPort1","location":{"x":515.375,"y":571.02}}],"layout":{"x":462.875,"y":572.5,"height":74,"width":105}},{"primitiveID":"StepRichLabelNode21_2419","primitiveName":"StepRichLabelNode21","properties":{"testField":{"expression":"","type":"expression","status":"complete","value":""}},"extensionName":"ExtensionRiskPrimitives","nodeTitle":"<p>Затраты на содержание зимних дорог</p>","initPorts":[{"primitiveName":"inPort2","type":["IN"],"properties":{"status":{"expression":"let portOwner = graph.ports.find(port => port.tag.primitiveID === primitiveID).owner;\nlet inEdges = graph.inEdgesAt(portOwner).filter(edge => edge.targetPort.tag.primitiveID === primitiveID).toArray()\nif (inEdges.length < 1) ''\nelse {\neval(inEdges[0].sourcePort.tag.primitiveID).status\n}","type":"expression","status":"complete","value":""}},"primitiveID":"StepRichLabelNode21_2419_inPort2","location":{"x":1808.3109375,"y":523.23}},{"primitiveName":"outPort1","type":["OUT"],"properties":{"status":{"expression":"","type":"expression","status":"complete","value":""}},"primitiveID":"StepRichLabelNode21_2419_outPort1","location":{"x":1734.2109375,"y":446.27}},{"primitiveName":"inPort1","type":["IN"],"properties":{"status":{"expression":"let portOwner = graph.ports.find(port => port.tag.primitiveID === primitiveID).owner;\nlet inEdges = graph.inEdgesAt(portOwner).filter(edge => edge.targetPort.tag.primitiveID === primitiveID).toArray()\nif (inEdges.length < 1) ''\nelse {\neval(inEdges[0].sourcePort.tag.primitiveID).status\n}","type":"expression","status":"complete","value":""}},"primitiveID":"StepRichLabelNode21_2419_inPort1","location":{"x":1660.1109375,"y":523.23}}],"layout":{"x":1610.7109375,"y":447.75,"height":74,"width":247}},{"primitiveID":"ControlledRichLabelNode01_15713","primitiveName":"ControlledRichLabelNode01","properties":{"testField":{"expression":"","type":"expression","status":"complete","value":""}},"extensionName":"ExtensionRiskPrimitives","nodeTitle":"<p>Кол-во летных часов</p>","initPorts":[{"primitiveName":"outPort1","type":["OUT"],"properties":{"status":{"expression":"","type":"expression","status":"complete","value":""}},"primitiveID":"ControlledRichLabelNode01_15713_outPort1","location":{"x":660.875,"y":571.02}}],"layout":{"x":597.875,"y":572.5,"height":74,"width":126}},{"primitiveID":"StepRichLabelNode21_2420","primitiveName":"StepRichLabelNode21","properties":{"testField":{"expression":"","type":"expression","status":"complete","value":""}},"extensionName":"ExtensionRiskPrimitives","nodeTitle":"<p>затраты на перебазировку воздушного судна к месту выполнения работ&nbsp;</p>","initPorts":[{"primitiveName":"outPort1","type":["OUT"],"properties":{"status":{"expression":"","type":"expression","status":"complete","value":""}},"primitiveID":"StepRichLabelNode21_2420_outPort1","location":{"x":586.375,"y":446.27}},{"primitiveName":"inPort2","type":["IN"],"properties":{"status":{"expression":"let portOwner = graph.ports.find(port => port.tag.primitiveID === primitiveID).owner;\nlet inEdges = graph.inEdgesAt(portOwner).filter(edge => edge.targetPort.tag.primitiveID === primitiveID).toArray()\nif (inEdges.length < 1) ''\nelse {\neval(inEdges[0].sourcePort.tag.primitiveID).status\n}","type":"expression","status":"complete","value":""}},"primitiveID":"StepRichLabelNode21_2420_inPort2","location":{"x":660.475,"y":523.23}},{"primitiveName":"inPort1","type":["IN"],"properties":{"status":{"expression":"let portOwner = graph.ports.find(port => port.tag.primitiveID === primitiveID).owner;\nlet inEdges = graph.inEdgesAt(portOwner).filter(edge => edge.targetPort.tag.primitiveID === primitiveID).toArray()\nif (inEdges.length < 1) ''\nelse {\neval(inEdges[0].sourcePort.tag.primitiveID).status\n}","type":"expression","status":"complete","value":""}},"primitiveID":"StepRichLabelNode21_2420_inPort1","location":{"x":512.275,"y":523.23}}],"layout":{"x":462.875,"y":447.75,"height":74,"width":247}},{"primitiveID":"ControlledRichLabelNode01_15714","primitiveName":"ControlledRichLabelNode01","properties":{"testField":{"expression":"","type":"expression","status":"complete","value":""}},"extensionName":"ExtensionRiskPrimitives","nodeTitle":"<p>Тариф</p>","initPorts":[{"primitiveName":"outPort1","type":["OUT"],"properties":{"status":{"expression":"","type":"expression","status":"complete","value":""}},"primitiveID":"ControlledRichLabelNode01_15714_outPort1","location":{"x":213.75,"y":571.02}}],"layout":{"x":161.25,"y":572.5,"height":74,"width":105}},{"primitiveID":"StepRichLabelNode21_2421","primitiveName":"StepRichLabelNode21","properties":{"testField":{"expression":"","type":"expression","status":"complete","value":""}},"extensionName":"ExtensionRiskPrimitives","nodeTitle":"<p><strong>Услуги авиации (перевозка вертолетами)</strong></p>","initPorts":[{"primitiveName":"inPort2","type":["IN"],"properties":{"status":{"expression":"let portOwner = graph.ports.find(port => port.tag.primitiveID === primitiveID).owner;\nlet inEdges = graph.inEdgesAt(portOwner).filter(edge => edge.targetPort.tag.primitiveID === primitiveID).toArray()\nif (inEdges.length < 1) ''\nelse {\neval(inEdges[0].sourcePort.tag.primitiveID).status\n}","type":"expression","status":"complete","value":""}},"primitiveID":"StepRichLabelNode21_2421_inPort2","location":{"x":502.95000000000005,"y":398.82}},{"primitiveName":"inPort1","type":["IN"],"properties":{"status":{"expression":"let portOwner = graph.ports.find(port => port.tag.primitiveID === primitiveID).owner;\nlet inEdges = graph.inEdgesAt(portOwner).filter(edge => edge.targetPort.tag.primitiveID === primitiveID).toArray()\nif (inEdges.length < 1) ''\nelse {\neval(inEdges[0].sourcePort.tag.primitiveID).status\n}","type":"expression","status":"complete","value":""}},"primitiveID":"StepRichLabelNode21_2421_inPort1","location":{"x":335.55,"y":398.82}},{"primitiveName":"outPort1","type":["OUT"],"properties":{"status":{"expression":"","type":"expression","status":"complete","value":""}},"primitiveID":"StepRichLabelNode21_2421_outPort1","location":{"x":419.25,"y":304.18}}],"layout":{"x":279.75,"y":306,"height":91,"width":279}},{"primitiveID":"StepRichLabelNode21_2422","primitiveName":"StepRichLabelNode21","properties":{"testField":{"expression":"","type":"expression","status":"complete","value":""}},"extensionName":"ExtensionRiskPrimitives","nodeTitle":"<p>Затраты на устройство ледовых переправ</p>","initPorts":[{"primitiveName":"outPort1","type":["OUT"],"properties":{"status":{"expression":"","type":"expression","status":"complete","value":""}},"primitiveID":"StepRichLabelNode21_2422_outPort1","location":{"x":1381.078125,"y":446.27}},{"primitiveName":"inPort2","type":["IN"],"properties":{"status":{"expression":"let portOwner = graph.ports.find(port => port.tag.primitiveID === primitiveID).owner;\nlet inEdges = graph.inEdgesAt(portOwner).filter(edge => edge.targetPort.tag.primitiveID === primitiveID).toArray()\nif (inEdges.length < 1) ''\nelse {\neval(inEdges[0].sourcePort.tag.primitiveID).status\n}","type":"expression","status":"complete","value":""}},"primitiveID":"StepRichLabelNode21_2422_inPort2","location":{"x":1455.178125,"y":523.23}},{"primitiveName":"inPort1","type":["IN"],"properties":{"status":{"expression":"let portOwner = graph.ports.find(port => port.tag.primitiveID === primitiveID).owner;\nlet inEdges = graph.inEdgesAt(portOwner).filter(edge => edge.targetPort.tag.primitiveID === primitiveID).toArray()\nif (inEdges.length < 1) ''\nelse {\neval(inEdges[0].sourcePort.tag.primitiveID).status\n}","type":"expression","status":"complete","value":""}},"primitiveID":"StepRichLabelNode21_2422_inPort1","location":{"x":1306.978125,"y":523.23}}],"layout":{"x":1257.578125,"y":447.75,"height":74,"width":247}},{"primitiveID":"ControlledRichLabelNode01_15715","primitiveName":"ControlledRichLabelNode01","properties":{"testField":{"expression":"","type":"expression","status":"complete","value":""}},"extensionName":"ExtensionRiskPrimitives","nodeTitle":"<p>Кол-во  тыс м2 площади</p>","initPorts":[{"primitiveName":"outPort1","type":["OUT"],"properties":{"status":{"expression":"","type":"expression","status":"complete","value":""}},"primitiveID":"ControlledRichLabelNode01_15715_outPort1","location":{"x":2180.171875,"y":571.02}}],"layout":{"x":2117.171875,"y":572.5,"height":74,"width":126}},{"primitiveID":"ControlledRichLabelNode01_15716","primitiveName":"ControlledRichLabelNode01","properties":{"testField":{"expression":"","type":"expression","status":"complete","value":""}},"extensionName":"ExtensionRiskPrimitives","nodeTitle":"<p>Кол-во  тыс м2 площади</p>","initPorts":[{"primitiveName":"outPort1","type":["OUT"],"properties":{"status":{"expression":"","type":"expression","status":"complete","value":""}},"primitiveID":"ControlledRichLabelNode01_15716_outPort1","location":{"x":1463.171875,"y":571.02}}],"layout":{"x":1400.171875,"y":572.5,"height":74,"width":126}},{"primitiveID":"StepRichLabelNode21_2423","primitiveName":"StepRichLabelNode21","properties":{"testField":{"expression":"","type":"expression","status":"complete","value":""}},"extensionName":"ExtensionRiskPrimitives","nodeTitle":"<p><strong>Услуги по развитию авиационного обеспечения и безопасности полетов</strong></p>","initPorts":[{"primitiveName":"inPort2","type":["IN"],"properties":{"status":{"expression":"let portOwner = graph.ports.find(port => port.tag.primitiveID === primitiveID).owner;\nlet inEdges = graph.inEdgesAt(portOwner).filter(edge => edge.targetPort.tag.primitiveID === primitiveID).toArray()\nif (inEdges.length < 1) ''\nelse {\neval(inEdges[0].sourcePort.tag.primitiveID).status\n}","type":"expression","status":"complete","value":""}},"primitiveID":"StepRichLabelNode21_2423_inPort2","location":{"x":16.950000000000017,"y":398.82}},{"primitiveName":"inPort1","type":["IN"],"properties":{"status":{"expression":"let portOwner = graph.ports.find(port => port.tag.primitiveID === primitiveID).owner;\nlet inEdges = graph.inEdgesAt(portOwner).filter(edge => edge.targetPort.tag.primitiveID === primitiveID).toArray()\nif (inEdges.length < 1) ''\nelse {\neval(inEdges[0].sourcePort.tag.primitiveID).status\n}","type":"expression","status":"complete","value":""}},"primitiveID":"StepRichLabelNode21_2423_inPort1","location":{"x":-150.45,"y":398.82}},{"primitiveName":"outPort1","type":["OUT"],"properties":{"status":{"expression":"","type":"expression","status":"complete","value":""}},"primitiveID":"StepRichLabelNode21_2423_outPort1","location":{"x":-66.75,"y":304.18}}],"layout":{"x":-206.25,"y":306,"height":91,"width":279}},{"primitiveID":"StepRichLabelNode21_2424","primitiveName":"StepRichLabelNode21","properties":{"testField":{"expression":"","type":"expression","status":"complete","value":""}},"extensionName":"ExtensionRiskPrimitives","nodeTitle":"<p>Затраты на содержание ледовых переправ</p>","initPorts":[{"primitiveName":"outPort1","type":["OUT"],"properties":{"status":{"expression":"","type":"expression","status":"complete","value":""}},"primitiveID":"StepRichLabelNode21_2424_outPort1","location":{"x":2087.34375,"y":446.27}},{"primitiveName":"inPort2","type":["IN"],"properties":{"status":{"expression":"let portOwner = graph.ports.find(port => port.tag.primitiveID === primitiveID).owner;\nlet inEdges = graph.inEdgesAt(portOwner).filter(edge => edge.targetPort.tag.primitiveID === primitiveID).toArray()\nif (inEdges.length < 1) ''\nelse {\neval(inEdges[0].sourcePort.tag.primitiveID).status\n}","type":"expression","status":"complete","value":""}},"primitiveID":"StepRichLabelNode21_2424_inPort2","location":{"x":2161.44375,"y":523.23}},{"primitiveName":"inPort1","type":["IN"],"properties":{"status":{"expression":"let portOwner = graph.ports.find(port => port.tag.primitiveID === primitiveID).owner;\nlet inEdges = graph.inEdgesAt(portOwner).filter(edge => edge.targetPort.tag.primitiveID === primitiveID).toArray()\nif (inEdges.length < 1) ''\nelse {\neval(inEdges[0].sourcePort.tag.primitiveID).status\n}","type":"expression","status":"complete","value":""}},"primitiveID":"StepRichLabelNode21_2424_inPort1","location":{"x":2013.24375,"y":523.23}}],"layout":{"x":1963.84375,"y":447.75,"height":74,"width":247}},{"primitiveID":"ControlledRichLabelNode01_15717","primitiveName":"ControlledRichLabelNode01","properties":{"testField":{"expression":"","type":"expression","status":"complete","value":""}},"extensionName":"ExtensionRiskPrimitives","nodeTitle":"<p>Тариф, руб/ тыс м2</p>","initPorts":[{"primitiveName":"outPort1","type":["OUT"],"properties":{"status":{"expression":"","type":"expression","status":"complete","value":""}},"primitiveID":"ControlledRichLabelNode01_15717_outPort1","location":{"x":1283.4375,"y":571.02}}],"layout":{"x":1220.4375,"y":572.5,"height":74,"width":126}},{"primitiveID":"ControlledRichLabelNode01_15718","primitiveName":"ControlledRichLabelNode01","properties":{"testField":{"expression":"","type":"expression","status":"complete","value":""}},"extensionName":"ExtensionRiskPrimitives","nodeTitle":"<p>Тариф, руб/км</p>","initPorts":[{"primitiveName":"outPort1","type":["OUT"],"properties":{"status":{"expression":"","type":"expression","status":"complete","value":""}},"primitiveID":"ControlledRichLabelNode01_15718_outPort1","location":{"x":897.5625,"y":571.02}}],"layout":{"x":834.5625,"y":572.5,"height":74,"width":126}},{"primitiveID":"ControlledRichLabelNode01_15719","primitiveName":"ControlledRichLabelNode01","properties":{"testField":{"expression":"","type":"expression","status":"complete","value":""}},"extensionName":"ExtensionRiskPrimitives","nodeTitle":"<p>Кол-во км.</p>","initPorts":[{"primitiveName":"outPort1","type":["OUT"],"properties":{"status":{"expression":"","type":"expression","status":"complete","value":""}},"primitiveID":"ControlledRichLabelNode01_15719_outPort1","location":{"x":1103.703125,"y":571.02}}],"layout":{"x":1040.703125,"y":572.5,"height":74,"width":126}},{"primitiveID":"StepRichLabelNode21_2425","primitiveName":"StepRichLabelNode21","properties":{"testField":{"expression":"","type":"expression","status":"complete","value":""}},"extensionName":"ExtensionRiskPrimitives","nodeTitle":"<p>Затраты, летный час</p>","initPorts":[{"primitiveName":"inPort2","type":["IN"],"properties":{"status":{"expression":"let portOwner = graph.ports.find(port => port.tag.primitiveID === primitiveID).owner;\nlet inEdges = graph.inEdgesAt(portOwner).filter(edge => edge.targetPort.tag.primitiveID === primitiveID).toArray()\nif (inEdges.length < 1) ''\nelse {\neval(inEdges[0].sourcePort.tag.primitiveID).status\n}","type":"expression","status":"complete","value":""}},"primitiveID":"StepRichLabelNode21_2425_inPort2","location":{"x":358.85,"y":523.23}},{"primitiveName":"inPort1","type":["IN"],"properties":{"status":{"expression":"let portOwner = graph.ports.find(port => port.tag.primitiveID === primitiveID).owner;\nlet inEdges = graph.inEdgesAt(portOwner).filter(edge => edge.targetPort.tag.primitiveID === primitiveID).toArray()\nif (inEdges.length < 1) ''\nelse {\neval(inEdges[0].sourcePort.tag.primitiveID).status\n}","type":"expression","status":"complete","value":""}},"primitiveID":"StepRichLabelNode21_2425_inPort1","location":{"x":210.65,"y":523.23}},{"primitiveName":"outPort1","type":["OUT"],"properties":{"status":{"expression":"","type":"expression","status":"complete","value":""}},"primitiveID":"StepRichLabelNode21_2425_outPort1","location":{"x":284.75,"y":446.27}}],"layout":{"x":161.25,"y":447.75,"height":74,"width":247}},{"primitiveID":"StepRichLabelNode11_2145","primitiveName":"StepRichLabelNode11","properties":{"testField":{"expression":"","type":"expression","status":"complete","value":""}},"extensionName":"ExtensionRiskPrimitives","nodeTitle":"<p><strong>Услуги по намораживанию и содержанию зимних дорог&nbsp;</strong></p>","initPorts":[{"primitiveName":"inPort1","type":["IN"],"properties":{"status":{"expression":"let portOwner = graph.ports.find(port => port.tag.primitiveID === primitiveID).owner;\nlet inEdges = graph.inEdgesAt(portOwner).filter(edge => edge.targetPort.tag.primitiveID === primitiveID).toArray()\nif (inEdges.length < 1) ''\nelse {\neval(inEdges[0].sourcePort.tag.primitiveID).status\n}","type":"expression","status":"complete","value":""}},"primitiveID":"StepRichLabelNode11_2145_inPort1","location":{"x":1500.75,"y":355.125}},{"primitiveName":"outPort1","type":["OUT"],"properties":{"status":{"expression":"","type":"expression","status":"complete","value":""}},"primitiveID":"StepRichLabelNode11_2145_outPort1","location":{"x":1500.75,"y":244.625}}],"layout":{"x":1353.75,"y":246.75,"height":106.25,"width":294}},{"primitiveID":"ControlledRichLabelNode01_15720","primitiveName":"ControlledRichLabelNode01","properties":{"testField":{"expression":"","type":"expression","status":"complete","value":""}},"extensionName":"ExtensionRiskPrimitives","nodeTitle":"<p>Тариф, руб/км</p>","initPorts":[{"primitiveName":"outPort1","type":["OUT"],"properties":{"status":{"expression":"","type":"expression","status":"complete","value":""}},"primitiveID":"ControlledRichLabelNode01_15720_outPort1","location":{"x":1643.359375,"y":571.02}}],"layout":{"x":1580.359375,"y":572.5,"height":74,"width":126}},{"primitiveID":"StepRichLabelNode21_2426","primitiveName":"StepRichLabelNode21","properties":{"testField":{"expression":"","type":"expression","status":"complete","value":""}},"extensionName":"ExtensionRiskPrimitives","nodeTitle":"<p>Затраты на устройство зимних дорог</p>","initPorts":[{"primitiveName":"inPort2","type":["IN"],"properties":{"status":{"expression":"let portOwner = graph.ports.find(port => port.tag.primitiveID === primitiveID).owner;\nlet inEdges = graph.inEdgesAt(portOwner).filter(edge => edge.targetPort.tag.primitiveID === primitiveID).toArray()\nif (inEdges.length < 1) ''\nelse {\neval(inEdges[0].sourcePort.tag.primitiveID).status\n}","type":"expression","status":"complete","value":""}},"primitiveID":"StepRichLabelNode21_2426_inPort2","location":{"x":1097.1,"y":523.23}},{"primitiveName":"inPort1","type":["IN"],"properties":{"status":{"expression":"let portOwner = graph.ports.find(port => port.tag.primitiveID === primitiveID).owner;\nlet inEdges = graph.inEdgesAt(portOwner).filter(edge => edge.targetPort.tag.primitiveID === primitiveID).toArray()\nif (inEdges.length < 1) ''\nelse {\neval(inEdges[0].sourcePort.tag.primitiveID).status\n}","type":"expression","status":"complete","value":""}},"primitiveID":"StepRichLabelNode21_2426_inPort1","location":{"x":927.9,"y":523.23}},{"primitiveName":"outPort1","type":["OUT"],"properties":{"status":{"expression":"","type":"expression","status":"complete","value":""}},"primitiveID":"StepRichLabelNode21_2426_outPort1","location":{"x":1012.5,"y":446.27}}],"layout":{"x":871.5,"y":447.75,"height":74,"width":282}},{"primitiveID":"ControlledRichLabelNode01_15721","primitiveName":"ControlledRichLabelNode01","properties":{"testField":{"expression":"","type":"expression","status":"complete","value":""}},"extensionName":"ExtensionRiskPrimitives","nodeTitle":"<p>Тариф, руб в мес.</p>","initPorts":[{"primitiveName":"outPort1","type":["OUT"],"properties":{"status":{"expression":"","type":"expression","status":"complete","value":""}},"primitiveID":"ControlledRichLabelNode01_15721_outPort1","location":{"x":-150.45,"y":446.27}}],"layout":{"x":-223.95,"y":447.75,"height":74,"width":147}},{"primitiveID":"ControlledRichLabelNode01_15722","primitiveName":"ControlledRichLabelNode01","properties":{"testField":{"expression":"","type":"expression","status":"complete","value":""}},"extensionName":"ExtensionRiskPrimitives","nodeTitle":"<p>Тариф, руб/ тыс м2</p>","initPorts":[{"primitiveName":"outPort1","type":["OUT"],"properties":{"status":{"expression":"","type":"expression","status":"complete","value":""}},"primitiveID":"ControlledRichLabelNode01_15722_outPort1","location":{"x":2000.4375,"y":571.02}}],"layout":{"x":1937.4375,"y":572.5,"height":74,"width":126}},{"primitiveID":"ControlledRichLabelNode01_15723","primitiveName":"ControlledRichLabelNode01","properties":{"testField":{"expression":"","type":"expression","status":"complete","value":""}},"extensionName":"ExtensionRiskPrimitives","nodeTitle":"<p>Кол-во км.</p>","initPorts":[{"primitiveName":"outPort1","type":["OUT"],"properties":{"status":{"expression":"","type":"expression","status":"complete","value":""}},"primitiveID":"ControlledRichLabelNode01_15723_outPort1","location":{"x":1823.546875,"y":571.02}}],"layout":{"x":1760.546875,"y":572.5,"height":74,"width":126}},{"primitiveID":"ControlledRichLabelNode01_15724","primitiveName":"ControlledRichLabelNode01","properties":{"testField":{"expression":"","type":"expression","status":"complete","value":""}},"extensionName":"ExtensionRiskPrimitives","nodeTitle":"<p>Количество мес.</p>","initPorts":[{"primitiveName":"outPort1","type":["OUT"],"properties":{"status":{"expression":"","type":"expression","status":"complete","value":""}},"primitiveID":"ControlledRichLabelNode01_15724_outPort1","location":{"x":16.25,"y":446.27}}],"layout":{"x":-57.25,"y":447.75,"height":74,"width":147}},{"primitiveID":"StepRichLabelNode21_2427","primitiveName":"StepRichLabelNode21","properties":{"testField":{"expression":"","type":"expression","status":"complete","value":""}},"extensionName":"ExtensionRiskPrimitives","nodeTitle":"<p>Содержание железобетонных и асфальто-бетонных дорог</p>","initPorts":[{"primitiveName":"inPort2","type":["IN"],"properties":{"status":{"expression":"let portOwner = graph.ports.find(port => port.tag.primitiveID === primitiveID).owner;\nlet inEdges = graph.inEdgesAt(portOwner).filter(edge => edge.targetPort.tag.primitiveID === primitiveID).toArray()\nif (inEdges.length < 1) ''\nelse {\neval(inEdges[0].sourcePort.tag.primitiveID).status\n}","type":"expression","status":"complete","value":""}},"primitiveID":"StepRichLabelNode21_2427_inPort2","location":{"x":3323.5609375,"y":523.23}},{"primitiveName":"outPort1","type":["OUT"],"properties":{"status":{"expression":"","type":"expression","status":"complete","value":""}},"primitiveID":"StepRichLabelNode21_2427_outPort1","location":{"x":3249.4609375,"y":446.27}},{"primitiveName":"inPort1","type":["IN"],"properties":{"status":{"expression":"let portOwner = graph.ports.find(port => port.tag.primitiveID === primitiveID).owner;\nlet inEdges = graph.inEdgesAt(portOwner).filter(edge => edge.targetPort.tag.primitiveID === primitiveID).toArray()\nif (inEdges.length < 1) ''\nelse {\neval(inEdges[0].sourcePort.tag.primitiveID).status\n}","type":"expression","status":"complete","value":""}},"primitiveID":"StepRichLabelNode21_2427_inPort1","location":{"x":3175.3609375,"y":523.23}}],"layout":{"x":3125.9609375,"y":447.75,"height":74,"width":247}},{"primitiveID":"StepRichLabelNode21_2428","primitiveName":"StepRichLabelNode21","properties":{"testField":{"expression":"","type":"expression","status":"complete","value":""}},"extensionName":"ExtensionRiskPrimitives","nodeTitle":"<p>Содержание грунтово-лежневые (щебеночным покрытием) дороги</p>","initPorts":[{"primitiveName":"outPort1","type":["OUT"],"properties":{"status":{"expression":"","type":"expression","status":"complete","value":""}},"primitiveID":"StepRichLabelNode21_2428_outPort1","location":{"x":2896.328125,"y":446.27}},{"primitiveName":"inPort2","type":["IN"],"properties":{"status":{"expression":"let portOwner = graph.ports.find(port => port.tag.primitiveID === primitiveID).owner;\nlet inEdges = graph.inEdgesAt(portOwner).filter(edge => edge.targetPort.tag.primitiveID === primitiveID).toArray()\nif (inEdges.length < 1) ''\nelse {\neval(inEdges[0].sourcePort.tag.primitiveID).status\n}","type":"expression","status":"complete","value":""}},"primitiveID":"StepRichLabelNode21_2428_inPort2","location":{"x":2970.428125,"y":523.23}},{"primitiveName":"inPort1","type":["IN"],"properties":{"status":{"expression":"let portOwner = graph.ports.find(port => port.tag.primitiveID === primitiveID).owner;\nlet inEdges = graph.inEdgesAt(portOwner).filter(edge => edge.targetPort.tag.primitiveID === primitiveID).toArray()\nif (inEdges.length < 1) ''\nelse {\neval(inEdges[0].sourcePort.tag.primitiveID).status\n}","type":"expression","status":"complete","value":""}},"primitiveID":"StepRichLabelNode21_2428_inPort1","location":{"x":2822.228125,"y":523.23}}],"layout":{"x":2772.828125,"y":447.75,"height":74,"width":247}},{"primitiveID":"ControlledRichLabelNode01_15725","primitiveName":"ControlledRichLabelNode01","properties":{"testField":{"expression":"","type":"expression","status":"complete","value":""}},"extensionName":"ExtensionRiskPrimitives","nodeTitle":"<p>Кол-во тыс м2</p>","initPorts":[{"primitiveName":"outPort1","type":["OUT"],"properties":{"status":{"expression":"","type":"expression","status":"complete","value":""}},"primitiveID":"ControlledRichLabelNode01_15725_outPort1","location":{"x":3695.421875,"y":571.02}}],"layout":{"x":3632.421875,"y":572.5,"height":74,"width":126}},{"primitiveID":"ControlledRichLabelNode01_15726","primitiveName":"ControlledRichLabelNode01","properties":{"testField":{"expression":"","type":"expression","status":"complete","value":""}},"extensionName":"ExtensionRiskPrimitives","nodeTitle":"<p>Кол-во км.</p>","initPorts":[{"primitiveName":"outPort1","type":["OUT"],"properties":{"status":{"expression":"","type":"expression","status":"complete","value":""}},"primitiveID":"ControlledRichLabelNode01_15726_outPort1","location":{"x":2978.421875,"y":571.02}}],"layout":{"x":2915.421875,"y":572.5,"height":74,"width":126}},{"primitiveID":"StepRichLabelNode21_2429","primitiveName":"StepRichLabelNode21","properties":{"testField":{"expression":"","type":"expression","status":"complete","value":""}},"extensionName":"ExtensionRiskPrimitives","nodeTitle":"<p>Содержание и восстановление причалов</p><p><br></p>","initPorts":[{"primitiveName":"outPort1","type":["OUT"],"properties":{"status":{"expression":"","type":"expression","status":"complete","value":""}},"primitiveID":"StepRichLabelNode21_2429_outPort1","location":{"x":3602.59375,"y":446.27}},{"primitiveName":"inPort2","type":["IN"],"properties":{"status":{"expression":"let portOwner = graph.ports.find(port => port.tag.primitiveID === primitiveID).owner;\nlet inEdges = graph.inEdgesAt(portOwner).filter(edge => edge.targetPort.tag.primitiveID === primitiveID).toArray()\nif (inEdges.length < 1) ''\nelse {\neval(inEdges[0].sourcePort.tag.primitiveID).status\n}","type":"expression","status":"complete","value":""}},"primitiveID":"StepRichLabelNode21_2429_inPort2","location":{"x":3676.69375,"y":523.23}},{"primitiveName":"inPort1","type":["IN"],"properties":{"status":{"expression":"let portOwner = graph.ports.find(port => port.tag.primitiveID === primitiveID).owner;\nlet inEdges = graph.inEdgesAt(portOwner).filter(edge => edge.targetPort.tag.primitiveID === primitiveID).toArray()\nif (inEdges.length < 1) ''\nelse {\neval(inEdges[0].sourcePort.tag.primitiveID).status\n}","type":"expression","status":"complete","value":""}},"primitiveID":"StepRichLabelNode21_2429_inPort1","location":{"x":3528.49375,"y":523.23}}],"layout":{"x":3479.09375,"y":447.75,"height":74,"width":247}},{"primitiveID":"ControlledRichLabelNode01_15727","primitiveName":"ControlledRichLabelNode01","properties":{"testField":{"expression":"","type":"expression","status":"complete","value":""}},"extensionName":"ExtensionRiskPrimitives","nodeTitle":"<p>Тариф, руб/км</p>","initPorts":[{"primitiveName":"outPort1","type":["OUT"],"properties":{"status":{"expression":"","type":"expression","status":"complete","value":""}},"primitiveID":"ControlledRichLabelNode01_15727_outPort1","location":{"x":2798.6875,"y":571.02}}],"layout":{"x":2735.6875,"y":572.5,"height":74,"width":126}},{"primitiveID":"ControlledRichLabelNode01_15728","primitiveName":"ControlledRichLabelNode01","properties":{"testField":{"expression":"","type":"expression","status":"complete","value":""}},"extensionName":"ExtensionRiskPrimitives","nodeTitle":"<p>Тариф, руб\\км</p>","initPorts":[{"primitiveName":"outPort1","type":["OUT"],"properties":{"status":{"expression":"","type":"expression","status":"complete","value":""}},"primitiveID":"ControlledRichLabelNode01_15728_outPort1","location":{"x":2412.8125,"y":571.02}}],"layout":{"x":2349.8125,"y":572.5,"height":74,"width":126}},{"primitiveID":"ControlledRichLabelNode01_15729","primitiveName":"ControlledRichLabelNode01","properties":{"testField":{"expression":"","type":"expression","status":"complete","value":""}},"extensionName":"ExtensionRiskPrimitives","nodeTitle":"<p>Кол-во км.</p>","initPorts":[{"primitiveName":"outPort1","type":["OUT"],"properties":{"status":{"expression":"","type":"expression","status":"complete","value":""}},"primitiveID":"ControlledRichLabelNode01_15729_outPort1","location":{"x":2618.953125,"y":571.02}}],"layout":{"x":2555.953125,"y":572.5,"height":74,"width":126}},{"primitiveID":"StepRichLabelNode11_2146","primitiveName":"StepRichLabelNode11","properties":{"testField":{"expression":"","type":"expression","status":"complete","value":""}},"extensionName":"ExtensionRiskPrimitives","nodeTitle":"<p><strong>Услуги по содержанию дорог</strong></p>","initPorts":[{"primitiveName":"inPort1","type":["IN"],"properties":{"status":{"expression":"let portOwner = graph.ports.find(port => port.tag.primitiveID === primitiveID).owner;\nlet inEdges = graph.inEdgesAt(portOwner).filter(edge => edge.targetPort.tag.primitiveID === primitiveID).toArray()\nif (inEdges.length < 1) ''\nelse {\neval(inEdges[0].sourcePort.tag.primitiveID).status\n}","type":"expression","status":"complete","value":""}},"primitiveID":"StepRichLabelNode11_2146_inPort1","location":{"x":4036.5,"y":296.375}},{"primitiveName":"outPort1","type":["OUT"],"properties":{"status":{"expression":"","type":"expression","status":"complete","value":""}},"primitiveID":"StepRichLabelNode11_2146_outPort1","location":{"x":4036.5,"y":185.875}}],"layout":{"x":3889.5,"y":188,"height":106.25,"width":294}},{"primitiveID":"ControlledRichLabelNode01_15730","primitiveName":"ControlledRichLabelNode01","properties":{"testField":{"expression":"","type":"expression","status":"complete","value":""}},"extensionName":"ExtensionRiskPrimitives","nodeTitle":"<p>Тариф, руб/км.</p>","initPorts":[{"primitiveName":"outPort1","type":["OUT"],"properties":{"status":{"expression":"","type":"expression","status":"complete","value":""}},"primitiveID":"ControlledRichLabelNode01_15730_outPort1","location":{"x":3158.609375,"y":571.02}}],"layout":{"x":3095.609375,"y":572.5,"height":74,"width":126}},{"primitiveID":"StepRichLabelNode21_2430","primitiveName":"StepRichLabelNode21","properties":{"testField":{"expression":"","type":"expression","status":"complete","value":""}},"extensionName":"ExtensionRiskPrimitives","nodeTitle":"<p>Содержание грунтово-лежневых дорог</p>","initPorts":[{"primitiveName":"inPort2","type":["IN"],"properties":{"status":{"expression":"let portOwner = graph.ports.find(port => port.tag.primitiveID === primitiveID).owner;\nlet inEdges = graph.inEdgesAt(portOwner).filter(edge => edge.targetPort.tag.primitiveID === primitiveID).toArray()\nif (inEdges.length < 1) ''\nelse {\neval(inEdges[0].sourcePort.tag.primitiveID).status\n}","type":"expression","status":"complete","value":""}},"primitiveID":"StepRichLabelNode21_2430_inPort2","location":{"x":2612.35,"y":523.23}},{"primitiveName":"inPort1","type":["IN"],"properties":{"status":{"expression":"let portOwner = graph.ports.find(port => port.tag.primitiveID === primitiveID).owner;\nlet inEdges = graph.inEdgesAt(portOwner).filter(edge => edge.targetPort.tag.primitiveID === primitiveID).toArray()\nif (inEdges.length < 1) ''\nelse {\neval(inEdges[0].sourcePort.tag.primitiveID).status\n}","type":"expression","status":"complete","value":""}},"primitiveID":"StepRichLabelNode21_2430_inPort1","location":{"x":2443.15,"y":523.23}},{"primitiveName":"outPort1","type":["OUT"],"properties":{"status":{"expression":"","type":"expression","status":"complete","value":""}},"primitiveID":"StepRichLabelNode21_2430_outPort1","location":{"x":2527.75,"y":446.27}}],"layout":{"x":2386.75,"y":447.75,"height":74,"width":282}},{"primitiveID":"ControlledRichLabelNode01_15731","primitiveName":"ControlledRichLabelNode01","properties":{"testField":{"expression":"","type":"expression","status":"complete","value":""}},"extensionName":"ExtensionRiskPrimitives","nodeTitle":"<p>Тариф, руб/тыс м2</p>","initPorts":[{"primitiveName":"outPort1","type":["OUT"],"properties":{"status":{"expression":"","type":"expression","status":"complete","value":""}},"primitiveID":"ControlledRichLabelNode01_15731_outPort1","location":{"x":3515.6875,"y":571.02}}],"layout":{"x":3452.6875,"y":572.5,"height":74,"width":126}},{"primitiveID":"ControlledRichLabelNode01_15732","primitiveName":"ControlledRichLabelNode01","properties":{"testField":{"expression":"","type":"expression","status":"complete","value":""}},"extensionName":"ExtensionRiskPrimitives","nodeTitle":"<p>Кол-во км.</p>","initPorts":[{"primitiveName":"outPort1","type":["OUT"],"properties":{"status":{"expression":"","type":"expression","status":"complete","value":""}},"primitiveID":"ControlledRichLabelNode01_15732_outPort1","location":{"x":3338.796875,"y":571.02}}],"layout":{"x":3275.796875,"y":572.5,"height":74,"width":126}},{"primitiveID":"StepRichLabelNode21_2431","primitiveName":"StepRichLabelNode21","properties":{"testField":{"expression":"","type":"expression","status":"complete","value":""}},"extensionName":"ExtensionRiskPrimitives","nodeTitle":"<p>Компенсация ущерба, наносимого тяжеловесными ТС при проезде по а/дороге.</p>","initPorts":[{"primitiveName":"inPort2","type":["IN"],"properties":{"status":{"expression":"let portOwner = graph.ports.find(port => port.tag.primitiveID === primitiveID).owner;\nlet inEdges = graph.inEdgesAt(portOwner).filter(edge => edge.targetPort.tag.primitiveID === primitiveID).toArray()\nif (inEdges.length < 1) ''\nelse {\neval(inEdges[0].sourcePort.tag.primitiveID).status\n}","type":"expression","status":"complete","value":""}},"primitiveID":"StepRichLabelNode21_2431_inPort2","location":{"x":4894.528125,"y":523.23}},{"primitiveName":"outPort1","type":["OUT"],"properties":{"status":{"expression":"","type":"expression","status":"complete","value":""}},"primitiveID":"StepRichLabelNode21_2431_outPort1","location":{"x":4802.671875,"y":446.27}},{"primitiveName":"inPort1","type":["IN"],"properties":{"status":{"expression":"let portOwner = graph.ports.find(port => port.tag.primitiveID === primitiveID).owner;\nlet inEdges = graph.inEdgesAt(portOwner).filter(edge => edge.targetPort.tag.primitiveID === primitiveID).toArray()\nif (inEdges.length < 1) ''\nelse {\neval(inEdges[0].sourcePort.tag.primitiveID).status\n}","type":"expression","status":"complete","value":""}},"primitiveID":"StepRichLabelNode21_2431_inPort1","location":{"x":4710.815625,"y":523.23}}],"layout":{"x":4649.578125,"y":447.75,"height":74,"width":306.1875}},{"primitiveID":"StepRichLabelNode21_2432","primitiveName":"StepRichLabelNode21","properties":{"testField":{"expression":"","type":"expression","status":"complete","value":""}},"extensionName":"ExtensionRiskPrimitives","nodeTitle":"<p>Затраты за пользование участками автодорог</p>","initPorts":[{"primitiveName":"outPort1","type":["OUT"],"properties":{"status":{"expression":"","type":"expression","status":"complete","value":""}},"primitiveID":"StepRichLabelNode21_2432_outPort1","location":{"x":5200.03515625,"y":446.27}},{"primitiveName":"inPort2","type":["IN"],"properties":{"status":{"expression":"let portOwner = graph.ports.find(port => port.tag.primitiveID === primitiveID).owner;\nlet inEdges = graph.inEdgesAt(portOwner).filter(edge => edge.targetPort.tag.primitiveID === primitiveID).toArray()\nif (inEdges.length < 1) ''\nelse {\neval(inEdges[0].sourcePort.tag.primitiveID).status\n}","type":"expression","status":"complete","value":""}},"primitiveID":"StepRichLabelNode21_2432_inPort2","location":{"x":5274.13515625,"y":523.23}},{"primitiveName":"inPort1","type":["IN"],"properties":{"status":{"expression":"let portOwner = graph.ports.find(port => port.tag.primitiveID === primitiveID).owner;\nlet inEdges = graph.inEdgesAt(portOwner).filter(edge => edge.targetPort.tag.primitiveID === primitiveID).toArray()\nif (inEdges.length < 1) ''\nelse {\neval(inEdges[0].sourcePort.tag.primitiveID).status\n}","type":"expression","status":"complete","value":""}},"primitiveID":"StepRichLabelNode21_2432_inPort1","location":{"x":5125.93515625,"y":523.23}}],"layout":{"x":5076.53515625,"y":447.75,"height":74,"width":247}},{"primitiveID":"StepRichLabelNode21_2433","primitiveName":"StepRichLabelNode21","properties":{"testField":{"expression":"","type":"expression","status":"complete","value":""}},"extensionName":"ExtensionRiskPrimitives","nodeTitle":"<p>Расчистка русла реки под мостом</p><p><br></p>","initPorts":[{"primitiveName":"inPort2","type":["IN"],"properties":{"status":{"expression":"let portOwner = graph.ports.find(port => port.tag.primitiveID === primitiveID).owner;\nlet inEdges = graph.inEdgesAt(portOwner).filter(edge => edge.targetPort.tag.primitiveID === primitiveID).toArray()\nif (inEdges.length < 1) ''\nelse {\neval(inEdges[0].sourcePort.tag.primitiveID).status\n}","type":"expression","status":"complete","value":""}},"primitiveID":"StepRichLabelNode21_2433_inPort2","location":{"x":4084.865625,"y":523.23}},{"primitiveName":"inPort1","type":["IN"],"properties":{"status":{"expression":"let portOwner = graph.ports.find(port => port.tag.primitiveID === primitiveID).owner;\nlet inEdges = graph.inEdgesAt(portOwner).filter(edge => edge.targetPort.tag.primitiveID === primitiveID).toArray()\nif (inEdges.length < 1) ''\nelse {\neval(inEdges[0].sourcePort.tag.primitiveID).status\n}","type":"expression","status":"complete","value":""}},"primitiveID":"StepRichLabelNode21_2433_inPort1","location":{"x":3915.665625,"y":523.23}},{"primitiveName":"outPort1","type":["OUT"],"properties":{"status":{"expression":"","type":"expression","status":"complete","value":""}},"primitiveID":"StepRichLabelNode21_2433_outPort1","location":{"x":4000.265625,"y":446.27}}],"layout":{"x":3859.265625,"y":447.75,"height":74,"width":282}},{"primitiveID":"ControlledRichLabelNode01_15733","primitiveName":"ControlledRichLabelNode01","properties":{"testField":{"expression":"","type":"expression","status":"complete","value":""}},"extensionName":"ExtensionRiskPrimitives","nodeTitle":"<p>Тариф, руб/тыс м2</p>","initPorts":[{"primitiveName":"outPort1","type":["OUT"],"properties":{"status":{"expression":"","type":"expression","status":"complete","value":""}},"primitiveID":"ControlledRichLabelNode01_15733_outPort1","location":{"x":3893.109375,"y":571.02}}],"layout":{"x":3830.109375,"y":572.5,"height":74,"width":126}},{"primitiveID":"ControlledRichLabelNode01_15734","primitiveName":"ControlledRichLabelNode01","properties":{"testField":{"expression":"","type":"expression","status":"complete","value":""}},"extensionName":"ExtensionRiskPrimitives","nodeTitle":"<p>Кол-во тыс м2</p>","initPorts":[{"primitiveName":"outPort1","type":["OUT"],"properties":{"status":{"expression":"","type":"expression","status":"complete","value":""}},"primitiveID":"ControlledRichLabelNode01_15734_outPort1","location":{"x":4090.796875,"y":571.02}}],"layout":{"x":4027.796875,"y":572.5,"height":74,"width":126}},{"primitiveID":"ControlledRichLabelNode01_15735","primitiveName":"ControlledRichLabelNode01","properties":{"testField":{"expression":"","type":"expression","status":"complete","value":""}},"extensionName":"ExtensionRiskPrimitives","nodeTitle":"<p>Тариф, за тн.</p>","initPorts":[{"primitiveName":"outPort1","type":["OUT"],"properties":{"status":{"expression":"","type":"expression","status":"complete","value":""}},"primitiveID":"ControlledRichLabelNode01_15735_outPort1","location":{"x":4683.203125,"y":571.02}}],"layout":{"x":4620.203125,"y":572.5,"height":74,"width":126}},{"primitiveID":"ControlledRichLabelNode01_15736","primitiveName":"ControlledRichLabelNode01","properties":{"testField":{"expression":"","type":"expression","status":"complete","value":""}},"extensionName":"ExtensionRiskPrimitives","nodeTitle":"<p>Кол-во тонн.</p>","initPorts":[{"primitiveName":"outPort1","type":["OUT"],"properties":{"status":{"expression":"","type":"expression","status":"complete","value":""}},"primitiveID":"ControlledRichLabelNode01_15736_outPort1","location":{"x":4925.65234375,"y":571.02}}],"layout":{"x":4862.65234375,"y":572.5,"height":74,"width":126}},{"primitiveID":"ControlledRichLabelNode01_15737","primitiveName":"ControlledRichLabelNode01","properties":{"testField":{"expression":"","type":"expression","status":"complete","value":""}},"extensionName":"ExtensionRiskPrimitives","nodeTitle":"<p>Тариф, руб/мес.</p>","initPorts":[{"primitiveName":"outPort1","type":["OUT"],"properties":{"status":{"expression":"","type":"expression","status":"complete","value":""}},"primitiveID":"ControlledRichLabelNode01_15737_outPort1","location":{"x":5089.77734375,"y":571.02}}],"layout":{"x":5026.77734375,"y":572.5,"height":74,"width":126}},{"primitiveID":"ControlledRichLabelNode01_15738","primitiveName":"ControlledRichLabelNode01","properties":{"testField":{"expression":"","type":"expression","status":"complete","value":""}},"extensionName":"ExtensionRiskPrimitives","nodeTitle":"<p>Кол-во мес.</p>","initPorts":[{"primitiveName":"outPort1","type":["OUT"],"properties":{"status":{"expression":"","type":"expression","status":"complete","value":""}},"primitiveID":"ControlledRichLabelNode01_15738_outPort1","location":{"x":5303.609375,"y":571.02}}],"layout":{"x":5240.609375,"y":572.5,"height":74,"width":126}},{"primitiveID":"StepRichLabelNode21_2434","primitiveName":"StepRichLabelNode21","properties":{"testField":{"expression":"","type":"expression","status":"complete","value":""}},"extensionName":"ExtensionRiskPrimitives","nodeTitle":"<p>Затраты на установку дорожных знаков</p>","initPorts":[{"primitiveName":"inPort1","type":["IN"],"properties":{"status":{"expression":"let portOwner = graph.ports.find(port => port.tag.primitiveID === primitiveID).owner;\nlet inEdges = graph.inEdgesAt(portOwner).filter(edge => edge.targetPort.tag.primitiveID === primitiveID).toArray()\nif (inEdges.length < 1) ''\nelse {\neval(inEdges[0].sourcePort.tag.primitiveID).status\n}","type":"expression","status":"complete","value":""}},"primitiveID":"StepRichLabelNode21_2434_inPort1","location":{"x":3991.98359375,"y":953.125}},{"primitiveName":"inPort2","type":["IN"],"properties":{"status":{"expression":"let portOwner = graph.ports.find(port => port.tag.primitiveID === primitiveID).owner;\nlet inEdges = graph.inEdgesAt(portOwner).filter(edge => edge.targetPort.tag.primitiveID === primitiveID).toArray()\nif (inEdges.length < 1) ''\nelse {\neval(inEdges[0].sourcePort.tag.primitiveID).status\n}","type":"expression","status":"complete","value":""}},"primitiveID":"StepRichLabelNode21_2434_inPort2","location":{"x":4086.63359375,"y":953.125}},{"primitiveName":"outPort1","type":["OUT"],"properties":{"status":{"expression":"","type":"expression","status":"complete","value":""}},"primitiveID":"StepRichLabelNode21_2434_outPort1","location":{"x":4039.30859375,"y":842.625}}],"layout":{"x":3960.43359375,"y":844.75,"height":106.25,"width":157.75}},{"primitiveID":"StepRichLabelNode21_2435","primitiveName":"StepRichLabelNode21","properties":{"testField":{"expression":"","type":"expression","status":"complete","value":""}},"extensionName":"ExtensionRiskPrimitives","nodeTitle":"<p>Затраты на нанесение дорожной разметки</p>","initPorts":[{"primitiveName":"inPort1","type":["IN"],"properties":{"status":{"expression":"let portOwner = graph.ports.find(port => port.tag.primitiveID === primitiveID).owner;\nlet inEdges = graph.inEdgesAt(portOwner).filter(edge => edge.targetPort.tag.primitiveID === primitiveID).toArray()\nif (inEdges.length < 1) ''\nelse {\neval(inEdges[0].sourcePort.tag.primitiveID).status\n}","type":"expression","status":"complete","value":""}},"primitiveID":"StepRichLabelNode21_2435_inPort1","location":{"x":4326.38359375,"y":953.125}},{"primitiveName":"inPort2","type":["IN"],"properties":{"status":{"expression":"let portOwner = graph.ports.find(port => port.tag.primitiveID === primitiveID).owner;\nlet inEdges = graph.inEdgesAt(portOwner).filter(edge => edge.targetPort.tag.primitiveID === primitiveID).toArray()\nif (inEdges.length < 1) ''\nelse {\neval(inEdges[0].sourcePort.tag.primitiveID).status\n}","type":"expression","status":"complete","value":""}},"primitiveID":"StepRichLabelNode21_2435_inPort2","location":{"x":4437.23359375,"y":953.125}},{"primitiveName":"outPort1","type":["OUT"],"properties":{"status":{"expression":"","type":"expression","status":"complete","value":""}},"primitiveID":"StepRichLabelNode21_2435_outPort1","location":{"x":4381.80859375,"y":842.625}}],"layout":{"x":4289.43359375,"y":844.75,"height":106.25,"width":184.75}},{"primitiveID":"StepRichLabelNode21_2436","primitiveName":"StepRichLabelNode21","properties":{"testField":{"expression":"","type":"expression","status":"complete","value":""}},"extensionName":"ExtensionRiskPrimitives","nodeTitle":"<p>Затраты на установку барьерного ограждения</p>","initPorts":[{"primitiveName":"inPort1","type":["IN"],"properties":{"status":{"expression":"let portOwner = graph.ports.find(port => port.tag.primitiveID === primitiveID).owner;\nlet inEdges = graph.inEdgesAt(portOwner).filter(edge => edge.targetPort.tag.primitiveID === primitiveID).toArray()\nif (inEdges.length < 1) ''\nelse {\neval(inEdges[0].sourcePort.tag.primitiveID).status\n}","type":"expression","status":"complete","value":""}},"primitiveID":"StepRichLabelNode21_2436_inPort1","location":{"x":4627.778125,"y":953.125}},{"primitiveName":"inPort2","type":["IN"],"properties":{"status":{"expression":"let portOwner = graph.ports.find(port => port.tag.primitiveID === primitiveID).owner;\nlet inEdges = graph.inEdgesAt(portOwner).filter(edge => edge.targetPort.tag.primitiveID === primitiveID).toArray()\nif (inEdges.length < 1) ''\nelse {\neval(inEdges[0].sourcePort.tag.primitiveID).status\n}","type":"expression","status":"complete","value":""}},"primitiveID":"StepRichLabelNode21_2436_inPort2","location":{"x":4738.628125,"y":953.125}},{"primitiveName":"outPort1","type":["OUT"],"properties":{"status":{"expression":"","type":"expression","status":"complete","value":""}},"primitiveID":"StepRichLabelNode21_2436_outPort1","location":{"x":4683.203125,"y":842.625}}],"layout":{"x":4590.828125,"y":844.75,"height":106.25,"width":184.75}},{"primitiveID":"StepRichLabelNode21_2437","primitiveName":"StepRichLabelNode21","properties":{"testField":{"expression":"","type":"expression","status":"complete","value":""}},"extensionName":"ExtensionRiskPrimitives","nodeTitle":"<p>Затраты на установку дорожных столбиков</p>","initPorts":[{"primitiveName":"inPort1","type":["IN"],"properties":{"status":{"expression":"let portOwner = graph.ports.find(port => port.tag.primitiveID === primitiveID).owner;\nlet inEdges = graph.inEdgesAt(portOwner).filter(edge => edge.targetPort.tag.primitiveID === primitiveID).toArray()\nif (inEdges.length < 1) ''\nelse {\neval(inEdges[0].sourcePort.tag.primitiveID).status\n}","type":"expression","status":"complete","value":""}},"primitiveID":"StepRichLabelNode21_2437_inPort1","location":{"x":4929.17265625,"y":953.125}},{"primitiveName":"inPort2","type":["IN"],"properties":{"status":{"expression":"let portOwner = graph.ports.find(port => port.tag.primitiveID === primitiveID).owner;\nlet inEdges = graph.inEdgesAt(portOwner).filter(edge => edge.targetPort.tag.primitiveID === primitiveID).toArray()\nif (inEdges.length < 1) ''\nelse {\neval(inEdges[0].sourcePort.tag.primitiveID).status\n}","type":"expression","status":"complete","value":""}},"primitiveID":"StepRichLabelNode21_2437_inPort2","location":{"x":5040.02265625,"y":953.125}},{"primitiveName":"outPort1","type":["OUT"],"properties":{"status":{"expression":"","type":"expression","status":"complete","value":""}},"primitiveID":"StepRichLabelNode21_2437_outPort1","location":{"x":4984.59765625,"y":842.625}}],"layout":{"x":4892.22265625,"y":844.75,"height":106.25,"width":184.75}},{"primitiveID":"StepRichLabelNode11_2147","primitiveName":"StepRichLabelNode11","properties":{"testField":{"expression":"","type":"expression","status":"complete","value":""}},"extensionName":"ExtensionRiskPrimitives","nodeTitle":"<p>Затраты на обстановку</p>","initPorts":[{"primitiveName":"inPort1","type":["IN"],"properties":{"status":{"expression":"let portOwner = graph.ports.find(port => port.tag.primitiveID === primitiveID).owner;\nlet inEdges = graph.inEdgesAt(portOwner).filter(edge => edge.targetPort.tag.primitiveID === primitiveID).toArray()\nif (inEdges.length < 1) ''\nelse {\neval(inEdges[0].sourcePort.tag.primitiveID).status\n}","type":"expression","status":"complete","value":""}},"primitiveID":"StepRichLabelNode11_2147_inPort1","location":{"x":4381.80859375,"y":523.23}},{"primitiveName":"outPort1","type":["OUT"],"properties":{"status":{"expression":"","type":"expression","status":"complete","value":""}},"primitiveID":"StepRichLabelNode11_2147_outPort1","location":{"x":4381.80859375,"y":446.27}}],"layout":{"x":4234.80859375,"y":447.75,"height":74,"width":294}},{"primitiveID":"ControlledRichLabelNode01_15739","primitiveName":"ControlledRichLabelNode01","properties":{"testField":{"expression":"","type":"expression","status":"complete","value":""}},"extensionName":"ExtensionRiskPrimitives","nodeTitle":"<p>Тариф, шт.</p>","initPorts":[{"primitiveName":"outPort1","type":["OUT"],"properties":{"status":{"expression":"","type":"expression","status":"complete","value":""}},"primitiveID":"ControlledRichLabelNode01_15739_outPort1","location":{"x":3949.21484375,"y":1010.27}}],"layout":{"x":3886.21484375,"y":1011.75,"height":74,"width":126}},{"primitiveID":"ControlledRichLabelNode01_15740","primitiveName":"ControlledRichLabelNode01","properties":{"testField":{"expression":"","type":"expression","status":"complete","value":""}},"extensionName":"ExtensionRiskPrimitives","nodeTitle":"<p>Кол-во, шт.</p>","initPorts":[{"primitiveName":"outPort1","type":["OUT"],"properties":{"status":{"expression":"","type":"expression","status":"complete","value":""}},"primitiveID":"ControlledRichLabelNode01_15740_outPort1","location":{"x":4129.40234375,"y":1010.27}}],"layout":{"x":4066.40234375,"y":1011.75,"height":74,"width":126}},{"primitiveID":"ControlledRichLabelNode01_15741","primitiveName":"ControlledRichLabelNode01","properties":{"testField":{"expression":"","type":"expression","status":"complete","value":""}},"extensionName":"ExtensionRiskPrimitives","nodeTitle":"<p>Тариф, тыс м2</p>","initPorts":[{"primitiveName":"outPort1","type":["OUT"],"properties":{"status":{"expression":"","type":"expression","status":"complete","value":""}},"primitiveID":"ControlledRichLabelNode01_15741_outPort1","location":{"x":4285.40234375,"y":1010.27}}],"layout":{"x":4222.40234375,"y":1011.75,"height":74,"width":126}},{"primitiveID":"ControlledRichLabelNode01_15742","primitiveName":"ControlledRichLabelNode01","properties":{"testField":{"expression":"","type":"expression","status":"complete","value":""}},"extensionName":"ExtensionRiskPrimitives","nodeTitle":"<p>Кол-во, тыс м2</p>","initPorts":[{"primitiveName":"outPort1","type":["OUT"],"properties":{"status":{"expression":"","type":"expression","status":"complete","value":""}},"primitiveID":"ControlledRichLabelNode01_15742_outPort1","location":{"x":4441.40234375,"y":1010.27}}],"layout":{"x":4378.40234375,"y":1011.75,"height":74,"width":126}},{"primitiveID":"ControlledRichLabelNode01_15743","primitiveName":"ControlledRichLabelNode01","properties":{"testField":{"expression":"","type":"expression","status":"complete","value":""}},"extensionName":"ExtensionRiskPrimitives","nodeTitle":"<p>Тариф, за км.</p>","initPorts":[{"primitiveName":"outPort1","type":["OUT"],"properties":{"status":{"expression":"","type":"expression","status":"complete","value":""}},"primitiveID":"ControlledRichLabelNode01_15743_outPort1","location":{"x":4597.40234375,"y":1010.27}}],"layout":{"x":4534.40234375,"y":1011.75,"height":74,"width":126}},{"primitiveID":"ControlledRichLabelNode01_15744","primitiveName":"ControlledRichLabelNode01","properties":{"testField":{"expression":"","type":"expression","status":"complete","value":""}},"extensionName":"ExtensionRiskPrimitives","nodeTitle":"<p>Протяженность км.</p>","initPorts":[{"primitiveName":"outPort1","type":["OUT"],"properties":{"status":{"expression":"","type":"expression","status":"complete","value":""}},"primitiveID":"ControlledRichLabelNode01_15744_outPort1","location":{"x":4761.52734375,"y":1010.27}}],"layout":{"x":4690.40234375,"y":1011.75,"height":74,"width":142.25}},{"primitiveID":"ControlledRichLabelNode01_15745","primitiveName":"ControlledRichLabelNode01","properties":{"testField":{"expression":"","type":"expression","status":"complete","value":""}},"extensionName":"ExtensionRiskPrimitives","nodeTitle":"<p>Тариф, шт.</p>","initPorts":[{"primitiveName":"outPort1","type":["OUT"],"properties":{"status":{"expression":"","type":"expression","status":"complete","value":""}},"primitiveID":"ControlledRichLabelNode01_15745_outPort1","location":{"x":4925.65234375,"y":1010.27}}],"layout":{"x":4862.65234375,"y":1011.75,"height":74,"width":126}},{"primitiveID":"ControlledRichLabelNode01_15746","primitiveName":"ControlledRichLabelNode01","properties":{"testField":{"expression":"","type":"expression","status":"complete","value":""}},"extensionName":"ExtensionRiskPrimitives","nodeTitle":"<p>Кол-во, шт.</p>","initPorts":[{"primitiveName":"outPort1","type":["OUT"],"properties":{"status":{"expression":"","type":"expression","status":"complete","value":""}},"primitiveID":"ControlledRichLabelNode01_15746_outPort1","location":{"x":5089.77734375,"y":1010.27}}],"layout":{"x":5018.65234375,"y":1011.75,"height":74,"width":142.25}},{"primitiveID":"ControlledRichLabelNode01_15747","primitiveName":"ControlledRichLabelNode01","properties":{"testField":{"expression":"","type":"expression","status":"complete","value":""}},"extensionName":"ExtensionRiskPrimitives","nodeTitle":"<p>Кол-во мес.</p>","initPorts":[{"primitiveName":"outPort1","type":["OUT"],"properties":{"status":{"expression":"","type":"expression","status":"complete","value":""}},"primitiveID":"ControlledRichLabelNode01_15747_outPort1","location":{"x":1600.5,"y":837.52}}],"layout":{"x":1527,"y":839,"height":74,"width":147}},{"primitiveID":"StepRichLabelNode21_2438","primitiveName":"StepRichLabelNode21","properties":{"testField":{"expression":"","type":"expression","status":"complete","value":""}},"extensionName":"ExtensionRiskPrimitives","nodeTitle":"<p>Услуги по содержанию Ж/Д переездов, мостов, переходов</p>","initPorts":[{"primitiveName":"outPort1","type":["OUT"],"properties":{"status":{"expression":"","type":"expression","status":"complete","value":""}},"primitiveID":"StepRichLabelNode21_2438_outPort1","location":{"x":1517.5,"y":695.4300000000001}},{"primitiveName":"inPort1","type":["IN"],"properties":{"status":{"expression":"let portOwner = graph.ports.find(port => port.tag.primitiveID === primitiveID).owner;\nlet inEdges = graph.inEdgesAt(portOwner).filter(edge => edge.targetPort.tag.primitiveID === primitiveID).toArray()\nif (inEdges.length < 1) ''\nelse {\neval(inEdges[0].sourcePort.tag.primitiveID).status\n}","type":"expression","status":"complete","value":""}},"primitiveID":"StepRichLabelNode21_2438_inPort1","location":{"x":1433.8,"y":790.0699999999999}},{"primitiveName":"inPort2","type":["IN"],"properties":{"status":{"expression":"let portOwner = graph.ports.find(port => port.tag.primitiveID === primitiveID).owner;\nlet inEdges = graph.inEdgesAt(portOwner).filter(edge => edge.targetPort.tag.primitiveID === primitiveID).toArray()\nif (inEdges.length < 1) ''\nelse {\neval(inEdges[0].sourcePort.tag.primitiveID).status\n}","type":"expression","status":"complete","value":""}},"primitiveID":"StepRichLabelNode21_2438_inPort2","location":{"x":1601.2,"y":790.0699999999999}}],"layout":{"x":1378,"y":697.25,"height":91,"width":279}},{"primitiveID":"ControlledRichLabelNode01_15748","primitiveName":"ControlledRichLabelNode01","properties":{"testField":{"expression":"","type":"expression","status":"complete","value":""}},"extensionName":"ExtensionRiskPrimitives","nodeTitle":"<p>Тариф, руб/мес.</p>","initPorts":[{"primitiveName":"outPort1","type":["OUT"],"properties":{"status":{"expression":"","type":"expression","status":"complete","value":""}},"primitiveID":"ControlledRichLabelNode01_15748_outPort1","location":{"x":1433.8,"y":837.52}}],"layout":{"x":1360.3,"y":839,"height":74,"width":147}}],"edges":[{"bends":[],"sourceNode":"StepRichLabelNode21_2415","sourcePort":"StepRichLabelNode21_2415_outPort1","targetNode":"StepRichLabelNode21_2416","targetPort":"StepRichLabelNode21_2416_inPort1","extensionName":"ExtensionCommonPrimitives","primitiveName":"SimpleEdge"},{"bends":[],"sourceNode":"ControlledRichLabelNode01_15705","sourcePort":"ControlledRichLabelNode01_15705_outPort1","targetNode":"StepRichLabelNode21_2417","targetPort":"StepRichLabelNode21_2417_inPort2","extensionName":"ExtensionCommonPrimitives","primitiveName":"SimpleEdge"},{"bends":[],"sourceNode":"ControlledRichLabelNode01_15706","sourcePort":"ControlledRichLabelNode01_15706_outPort1","targetNode":"StepRichLabelNode21_2417","targetPort":"StepRichLabelNode21_2417_inPort1","extensionName":"ExtensionCommonPrimitives","primitiveName":"SimpleEdge"},{"bends":[],"sourceNode":"StepRichLabelNode21_2417","sourcePort":"StepRichLabelNode21_2417_outPort1","targetNode":"StepRichLabelNode21_2416","targetPort":"StepRichLabelNode21_2416_inPort2","extensionName":"ExtensionCommonPrimitives","primitiveName":"SimpleEdge"},{"bends":[],"sourceNode":"ControlledRichLabelNode01_15707","sourcePort":"ControlledRichLabelNode01_15707_outPort1","targetNode":"StepRichLabelNode21_2415","targetPort":"StepRichLabelNode21_2415_inPort2","extensionName":"ExtensionCommonPrimitives","primitiveName":"SimpleEdge"},{"bends":[],"sourceNode":"ControlledRichLabelNode01_15708","sourcePort":"ControlledRichLabelNode01_15708_outPort1","targetNode":"StepRichLabelNode21_2415","targetPort":"StepRichLabelNode21_2415_inPort1","extensionName":"ExtensionCommonPrimitives","primitiveName":"SimpleEdge"},{"bends":[],"sourceNode":"ControlledRichLabelNode01_15709","sourcePort":"ControlledRichLabelNode01_15709_outPort1","targetNode":"StepRichLabelNode21_2418","targetPort":"StepRichLabelNode21_2418_inPort2","extensionName":"ExtensionCommonPrimitives","primitiveName":"SimpleEdge"},{"bends":[],"sourceNode":"ControlledRichLabelNode01_15710","sourcePort":"ControlledRichLabelNode01_15710_outPort1","targetNode":"StepRichLabelNode21_2418","targetPort":"StepRichLabelNode21_2418_inPort1","extensionName":"ExtensionCommonPrimitives","primitiveName":"SimpleEdge"},{"bends":[],"sourceNode":"ControlledRichLabelNode01_15711","sourcePort":"ControlledRichLabelNode01_15711_outPort1","targetNode":"StepRichLabelNode21_2425","targetPort":"StepRichLabelNode21_2425_inPort2","extensionName":"ExtensionCommonPrimitives","primitiveName":"SimpleEdge"},{"bends":[],"sourceNode":"ControlledRichLabelNode01_15712","sourcePort":"ControlledRichLabelNode01_15712_outPort1","targetNode":"StepRichLabelNode21_2420","targetPort":"StepRichLabelNode21_2420_inPort1","extensionName":"ExtensionCommonPrimitives","primitiveName":"SimpleEdge"},{"bends":[],"sourceNode":"StepRichLabelNode21_2419","sourcePort":"StepRichLabelNode21_2419_outPort1","targetNode":"StepRichLabelNode11_2145","targetPort":"StepRichLabelNode11_2145_inPort1","extensionName":"ExtensionCommonPrimitives","primitiveName":"SimpleEdge"},{"bends":[],"sourceNode":"ControlledRichLabelNode01_15713","sourcePort":"ControlledRichLabelNode01_15713_outPort1","targetNode":"StepRichLabelNode21_2420","targetPort":"StepRichLabelNode21_2420_inPort2","extensionName":"ExtensionCommonPrimitives","primitiveName":"SimpleEdge"},{"bends":[],"sourceNode":"StepRichLabelNode21_2420","sourcePort":"StepRichLabelNode21_2420_outPort1","targetNode":"StepRichLabelNode21_2421","targetPort":"StepRichLabelNode21_2421_inPort2","extensionName":"ExtensionCommonPrimitives","primitiveName":"SimpleEdge"},{"bends":[],"sourceNode":"ControlledRichLabelNode01_15714","sourcePort":"ControlledRichLabelNode01_15714_outPort1","targetNode":"StepRichLabelNode21_2425","targetPort":"StepRichLabelNode21_2425_inPort1","extensionName":"ExtensionCommonPrimitives","primitiveName":"SimpleEdge"},{"bends":[],"sourceNode":"StepRichLabelNode21_2422","sourcePort":"StepRichLabelNode21_2422_outPort1","targetNode":"StepRichLabelNode11_2145","targetPort":"StepRichLabelNode11_2145_inPort1","extensionName":"ExtensionCommonPrimitives","primitiveName":"SimpleEdge"},{"bends":[],"sourceNode":"ControlledRichLabelNode01_15715","sourcePort":"ControlledRichLabelNode01_15715_outPort1","targetNode":"StepRichLabelNode21_2424","targetPort":"StepRichLabelNode21_2424_inPort2","extensionName":"ExtensionCommonPrimitives","primitiveName":"SimpleEdge"},{"bends":[],"sourceNode":"ControlledRichLabelNode01_15716","sourcePort":"ControlledRichLabelNode01_15716_outPort1","targetNode":"StepRichLabelNode21_2422","targetPort":"StepRichLabelNode21_2422_inPort2","extensionName":"ExtensionCommonPrimitives","primitiveName":"SimpleEdge"},{"bends":[],"sourceNode":"StepRichLabelNode21_2424","sourcePort":"StepRichLabelNode21_2424_outPort1","targetNode":"StepRichLabelNode11_2145","targetPort":"StepRichLabelNode11_2145_inPort1","extensionName":"ExtensionCommonPrimitives","primitiveName":"SimpleEdge"},{"bends":[],"sourceNode":"ControlledRichLabelNode01_15717","sourcePort":"ControlledRichLabelNode01_15717_outPort1","targetNode":"StepRichLabelNode21_2422","targetPort":"StepRichLabelNode21_2422_inPort1","extensionName":"ExtensionCommonPrimitives","primitiveName":"SimpleEdge"},{"bends":[],"sourceNode":"ControlledRichLabelNode01_15718","sourcePort":"ControlledRichLabelNode01_15718_outPort1","targetNode":"StepRichLabelNode21_2426","targetPort":"StepRichLabelNode21_2426_inPort1","extensionName":"ExtensionCommonPrimitives","primitiveName":"SimpleEdge"},{"bends":[],"sourceNode":"ControlledRichLabelNode01_15719","sourcePort":"ControlledRichLabelNode01_15719_outPort1","targetNode":"StepRichLabelNode21_2426","targetPort":"StepRichLabelNode21_2426_inPort2","extensionName":"ExtensionCommonPrimitives","primitiveName":"SimpleEdge"},{"bends":[],"sourceNode":"StepRichLabelNode21_2425","sourcePort":"StepRichLabelNode21_2425_outPort1","targetNode":"StepRichLabelNode21_2421","targetPort":"StepRichLabelNode21_2421_inPort1","extensionName":"ExtensionCommonPrimitives","primitiveName":"SimpleEdge"},{"bends":[],"sourceNode":"ControlledRichLabelNode01_15720","sourcePort":"ControlledRichLabelNode01_15720_outPort1","targetNode":"StepRichLabelNode21_2419","targetPort":"StepRichLabelNode21_2419_inPort1","extensionName":"ExtensionCommonPrimitives","primitiveName":"SimpleEdge"},{"bends":[],"sourceNode":"StepRichLabelNode21_2426","sourcePort":"StepRichLabelNode21_2426_outPort1","targetNode":"StepRichLabelNode11_2145","targetPort":"StepRichLabelNode11_2145_inPort1","extensionName":"ExtensionCommonPrimitives","primitiveName":"SimpleEdge"},{"bends":[],"sourceNode":"ControlledRichLabelNode01_15721","sourcePort":"ControlledRichLabelNode01_15721_outPort1","targetNode":"StepRichLabelNode21_2423","targetPort":"StepRichLabelNode21_2423_inPort1","extensionName":"ExtensionCommonPrimitives","primitiveName":"SimpleEdge"},{"bends":[],"sourceNode":"ControlledRichLabelNode01_15722","sourcePort":"ControlledRichLabelNode01_15722_outPort1","targetNode":"StepRichLabelNode21_2424","targetPort":"StepRichLabelNode21_2424_inPort1","extensionName":"ExtensionCommonPrimitives","primitiveName":"SimpleEdge"},{"bends":[],"sourceNode":"ControlledRichLabelNode01_15723","sourcePort":"ControlledRichLabelNode01_15723_outPort1","targetNode":"StepRichLabelNode21_2419","targetPort":"StepRichLabelNode21_2419_inPort2","extensionName":"ExtensionCommonPrimitives","primitiveName":"SimpleEdge"},{"bends":[],"sourceNode":"ControlledRichLabelNode01_15724","sourcePort":"ControlledRichLabelNode01_15724_outPort1","targetNode":"StepRichLabelNode21_2423","targetPort":"StepRichLabelNode21_2423_inPort2","extensionName":"ExtensionCommonPrimitives","primitiveName":"SimpleEdge"},{"bends":[],"sourceNode":"StepRichLabelNode21_2427","sourcePort":"StepRichLabelNode21_2427_outPort1","targetNode":"StepRichLabelNode11_2146","targetPort":"StepRichLabelNode11_2146_inPort1","extensionName":"ExtensionCommonPrimitives","primitiveName":"SimpleEdge"},{"bends":[],"sourceNode":"StepRichLabelNode21_2428","sourcePort":"StepRichLabelNode21_2428_outPort1","targetNode":"StepRichLabelNode11_2146","targetPort":"StepRichLabelNode11_2146_inPort1","extensionName":"ExtensionCommonPrimitives","primitiveName":"SimpleEdge"},{"bends":[],"sourceNode":"ControlledRichLabelNode01_15725","sourcePort":"ControlledRichLabelNode01_15725_outPort1","targetNode":"StepRichLabelNode21_2429","targetPort":"StepRichLabelNode21_2429_inPort2","extensionName":"ExtensionCommonPrimitives","primitiveName":"SimpleEdge"},{"bends":[],"sourceNode":"ControlledRichLabelNode01_15726","sourcePort":"ControlledRichLabelNode01_15726_outPort1","targetNode":"StepRichLabelNode21_2428","targetPort":"StepRichLabelNode21_2428_inPort2","extensionName":"ExtensionCommonPrimitives","primitiveName":"SimpleEdge"},{"bends":[],"sourceNode":"StepRichLabelNode21_2429","sourcePort":"StepRichLabelNode21_2429_outPort1","targetNode":"StepRichLabelNode11_2146","targetPort":"StepRichLabelNode11_2146_inPort1","extensionName":"ExtensionCommonPrimitives","primitiveName":"SimpleEdge"},{"bends":[],"sourceNode":"ControlledRichLabelNode01_15727","sourcePort":"ControlledRichLabelNode01_15727_outPort1","targetNode":"StepRichLabelNode21_2428","targetPort":"StepRichLabelNode21_2428_inPort1","extensionName":"ExtensionCommonPrimitives","primitiveName":"SimpleEdge"},{"bends":[],"sourceNode":"ControlledRichLabelNode01_15728","sourcePort":"ControlledRichLabelNode01_15728_outPort1","targetNode":"StepRichLabelNode21_2430","targetPort":"StepRichLabelNode21_2430_inPort1","extensionName":"ExtensionCommonPrimitives","primitiveName":"SimpleEdge"},{"bends":[],"sourceNode":"ControlledRichLabelNode01_15729","sourcePort":"ControlledRichLabelNode01_15729_outPort1","targetNode":"StepRichLabelNode21_2430","targetPort":"StepRichLabelNode21_2430_inPort2","extensionName":"ExtensionCommonPrimitives","primitiveName":"SimpleEdge"},{"bends":[],"sourceNode":"ControlledRichLabelNode01_15730","sourcePort":"ControlledRichLabelNode01_15730_outPort1","targetNode":"StepRichLabelNode21_2427","targetPort":"StepRichLabelNode21_2427_inPort1","extensionName":"ExtensionCommonPrimitives","primitiveName":"SimpleEdge"},{"bends":[],"sourceNode":"StepRichLabelNode21_2430","sourcePort":"StepRichLabelNode21_2430_outPort1","targetNode":"StepRichLabelNode11_2146","targetPort":"StepRichLabelNode11_2146_inPort1","extensionName":"ExtensionCommonPrimitives","primitiveName":"SimpleEdge"},{"bends":[],"sourceNode":"ControlledRichLabelNode01_15731","sourcePort":"ControlledRichLabelNode01_15731_outPort1","targetNode":"StepRichLabelNode21_2429","targetPort":"StepRichLabelNode21_2429_inPort1","extensionName":"ExtensionCommonPrimitives","primitiveName":"SimpleEdge"},{"bends":[],"sourceNode":"ControlledRichLabelNode01_15732","sourcePort":"ControlledRichLabelNode01_15732_outPort1","targetNode":"StepRichLabelNode21_2427","targetPort":"StepRichLabelNode21_2427_inPort2","extensionName":"ExtensionCommonPrimitives","primitiveName":"SimpleEdge"},{"bends":[],"sourceNode":"StepRichLabelNode21_2433","sourcePort":"StepRichLabelNode21_2433_outPort1","targetNode":"StepRichLabelNode11_2146","targetPort":"StepRichLabelNode11_2146_inPort1","extensionName":"ExtensionCommonPrimitives","primitiveName":"SimpleEdge"},{"bends":[],"sourceNode":"StepRichLabelNode21_2431","sourcePort":"StepRichLabelNode21_2431_outPort1","targetNode":"StepRichLabelNode11_2146","targetPort":"StepRichLabelNode11_2146_inPort1","extensionName":"ExtensionCommonPrimitives","primitiveName":"SimpleEdge"},{"bends":[],"sourceNode":"StepRichLabelNode21_2432","sourcePort":"StepRichLabelNode21_2432_outPort1","targetNode":"StepRichLabelNode11_2146","targetPort":"StepRichLabelNode11_2146_inPort1","extensionName":"ExtensionCommonPrimitives","primitiveName":"SimpleEdge"},{"bends":[],"sourceNode":"ControlledRichLabelNode01_15733","sourcePort":"ControlledRichLabelNode01_15733_outPort1","targetNode":"StepRichLabelNode21_2433","targetPort":"StepRichLabelNode21_2433_inPort1","extensionName":"ExtensionCommonPrimitives","primitiveName":"SimpleEdge"},{"bends":[],"sourceNode":"ControlledRichLabelNode01_15734","sourcePort":"ControlledRichLabelNode01_15734_outPort1","targetNode":"StepRichLabelNode21_2433","targetPort":"StepRichLabelNode21_2433_inPort2","extensionName":"ExtensionCommonPrimitives","primitiveName":"SimpleEdge"},{"bends":[],"sourceNode":"ControlledRichLabelNode01_15735","sourcePort":"ControlledRichLabelNode01_15735_outPort1","targetNode":"StepRichLabelNode21_2431","targetPort":"StepRichLabelNode21_2431_inPort1","extensionName":"ExtensionCommonPrimitives","primitiveName":"SimpleEdge"},{"bends":[],"sourceNode":"ControlledRichLabelNode01_15736","sourcePort":"ControlledRichLabelNode01_15736_outPort1","targetNode":"StepRichLabelNode21_2431","targetPort":"StepRichLabelNode21_2431_inPort2","extensionName":"ExtensionCommonPrimitives","primitiveName":"SimpleEdge"},{"bends":[],"sourceNode":"ControlledRichLabelNode01_15737","sourcePort":"ControlledRichLabelNode01_15737_outPort1","targetNode":"StepRichLabelNode21_2432","targetPort":"StepRichLabelNode21_2432_inPort1","extensionName":"ExtensionCommonPrimitives","primitiveName":"SimpleEdge"},{"bends":[],"sourceNode":"ControlledRichLabelNode01_15738","sourcePort":"ControlledRichLabelNode01_15738_outPort1","targetNode":"StepRichLabelNode21_2432","targetPort":"StepRichLabelNode21_2432_inPort2","extensionName":"ExtensionCommonPrimitives","primitiveName":"SimpleEdge"},{"bends":[],"sourceNode":"StepRichLabelNode11_2147","sourcePort":"StepRichLabelNode11_2147_outPort1","targetNode":"StepRichLabelNode11_2146","targetPort":"StepRichLabelNode11_2146_inPort1","extensionName":"ExtensionCommonPrimitives","primitiveName":"SimpleEdge"},{"bends":[],"sourceNode":"StepRichLabelNode21_2434","sourcePort":"StepRichLabelNode21_2434_outPort1","targetNode":"StepRichLabelNode11_2147","targetPort":"StepRichLabelNode11_2147_inPort1","extensionName":"ExtensionCommonPrimitives","primitiveName":"SimpleEdge"},{"bends":[],"sourceNode":"StepRichLabelNode21_2435","sourcePort":"StepRichLabelNode21_2435_outPort1","targetNode":"StepRichLabelNode11_2147","targetPort":"StepRichLabelNode11_2147_inPort1","extensionName":"ExtensionCommonPrimitives","primitiveName":"SimpleEdge"},{"bends":[],"sourceNode":"StepRichLabelNode21_2436","sourcePort":"StepRichLabelNode21_2436_outPort1","targetNode":"StepRichLabelNode11_2147","targetPort":"StepRichLabelNode11_2147_inPort1","extensionName":"ExtensionCommonPrimitives","primitiveName":"SimpleEdge"},{"bends":[],"sourceNode":"StepRichLabelNode21_2437","sourcePort":"StepRichLabelNode21_2437_outPort1","targetNode":"StepRichLabelNode11_2147","targetPort":"StepRichLabelNode11_2147_inPort1","extensionName":"ExtensionCommonPrimitives","primitiveName":"SimpleEdge"},{"bends":[],"sourceNode":"ControlledRichLabelNode01_15739","sourcePort":"ControlledRichLabelNode01_15739_outPort1","targetNode":"StepRichLabelNode21_2434","targetPort":"StepRichLabelNode21_2434_inPort1","extensionName":"ExtensionCommonPrimitives","primitiveName":"SimpleEdge"},{"bends":[],"sourceNode":"ControlledRichLabelNode01_15740","sourcePort":"ControlledRichLabelNode01_15740_outPort1","targetNode":"StepRichLabelNode21_2434","targetPort":"StepRichLabelNode21_2434_inPort2","extensionName":"ExtensionCommonPrimitives","primitiveName":"SimpleEdge"},{"bends":[],"sourceNode":"ControlledRichLabelNode01_15741","sourcePort":"ControlledRichLabelNode01_15741_outPort1","targetNode":"StepRichLabelNode21_2435","targetPort":"StepRichLabelNode21_2435_inPort1","extensionName":"ExtensionCommonPrimitives","primitiveName":"SimpleEdge"},{"bends":[],"sourceNode":"ControlledRichLabelNode01_15742","sourcePort":"ControlledRichLabelNode01_15742_outPort1","targetNode":"StepRichLabelNode21_2435","targetPort":"StepRichLabelNode21_2435_inPort2","extensionName":"ExtensionCommonPrimitives","primitiveName":"SimpleEdge"},{"bends":[],"sourceNode":"ControlledRichLabelNode01_15743","sourcePort":"ControlledRichLabelNode01_15743_outPort1","targetNode":"StepRichLabelNode21_2436","targetPort":"StepRichLabelNode21_2436_inPort1","extensionName":"ExtensionCommonPrimitives","primitiveName":"SimpleEdge"},{"bends":[],"sourceNode":"ControlledRichLabelNode01_15744","sourcePort":"ControlledRichLabelNode01_15744_outPort1","targetNode":"StepRichLabelNode21_2436","targetPort":"StepRichLabelNode21_2436_inPort2","extensionName":"ExtensionCommonPrimitives","primitiveName":"SimpleEdge"},{"bends":[],"sourceNode":"ControlledRichLabelNode01_15745","sourcePort":"ControlledRichLabelNode01_15745_outPort1","targetNode":"StepRichLabelNode21_2437","targetPort":"StepRichLabelNode21_2437_inPort1","extensionName":"ExtensionCommonPrimitives","primitiveName":"SimpleEdge"},{"bends":[],"sourceNode":"ControlledRichLabelNode01_15746","sourcePort":"ControlledRichLabelNode01_15746_outPort1","targetNode":"StepRichLabelNode21_2437","targetPort":"StepRichLabelNode21_2437_inPort2","extensionName":"ExtensionCommonPrimitives","primitiveName":"SimpleEdge"},{"bends":[],"sourceNode":"ControlledRichLabelNode01_15747","sourcePort":"ControlledRichLabelNode01_15747_outPort1","targetNode":"StepRichLabelNode21_2438","targetPort":"StepRichLabelNode21_2438_inPort2","extensionName":"ExtensionCommonPrimitives","primitiveName":"SimpleEdge"},{"bends":[],"sourceNode":"ControlledRichLabelNode01_15748","sourcePort":"ControlledRichLabelNode01_15748_outPort1","targetNode":"StepRichLabelNode21_2438","targetPort":"StepRichLabelNode21_2438_inPort1","extensionName":"ExtensionCommonPrimitives","primitiveName":"SimpleEdge"}],"groups":[]}}