{"title": "StartEventParallelMultiple", "layout": {"heigth": 100, "width": 100}, "image": "icon.svg", "properties": {"characteristic": {"type": "expression", "expression": "'Event Sub-Process Interrupting Start Event'", "status": "new", "value": "Event Sub-Process Interrupting Start Event", "input": {"component": "select", "type": "const", "values": ["Top-Level Start Event", "Event Sub-Process Interrupting Start Event", "Event Sub-Process Non-Interrupting Start Event", "Catching Intermediate Event", "Boundary Interrupting Intermediate Event", "Boundary Non-Interrupting Intermediate Event", "Throwing Intermediate Event", "End Event"]}}, "type": {"type": "expression", "expression": "'Parallel Multiple'", "status": "new", "value": "Parallel Multiple", "input": {"component": "select", "type": "const", "values": ["Cancel", "Compensation", "Conditional", "Error", "Escalation", "Link", "Message", "Multiple", "None", "Parallel Multiple", "Signal", "Terminate", "Timer"]}}}, "ports": [{"name": "ioLeft", "type": ["IN", "OUT"], "position": {"x": 0.0, "y": 0.5}}, {"name": "ioRight", "type": ["IN", "OUT"], "position": {"x": 1.0, "y": 0.5}}, {"name": "ioTop", "type": ["IN", "OUT"], "position": {"x": 0.5, "y": 0.0}}, {"name": "ioLow", "type": ["IN", "OUT"], "position": {"x": 0.5, "y": 1.0}}]}