{"title": "Кабельная линия 110 кВ", "layout": {"heigth": 91, "width": 91}, "image": "icon.svg", "properties": {"name": {"expression": "Наименование объекта информационной модели", "type": "expression"}, "aliasName": {"expression": "Дополнительное наименование идентифицируемого объекта", "type": "expression"}, "description": {"expression": "Описание объекта информационной модели", "type": "expression"}, "normallylnService": {"expression": "Нормальное состояние оборудования - в работе (если присвоено значение \"Истина\")", "type": "expression"}, "isThreePhase\nEquipment": {"expression": "Трехфазное исполнение оборудования (если присвоено значение \"Истина\")", "type": "expression"}, "length": {"expression": "Длина проводника, м", "type": "expression"}, "g0ch": {"expression": "Активная проводимость на землю нулевой последовательности, См", "type": "expression"}, "gch": {"expression": "Активная проводимость на землю прямой последовательности, См", "type": "expression"}, "x": {"expression": "Реактивное сопротивление прямой последовательности, Ом", "type": "expression"}, "x0": {"expression": "Реактивное сопротивление нулевой последовательности, Ом", "type": "expression"}, "r": {"expression": "Активное сопротивление прямой последовательности, Ом", "type": "expression"}, "r0": {"expression": "Активное сопротивление нулевой последовательности, Ом", "type": "expression"}, "b0ch": {"expression": "Реактивная проводимость на землю нулевой последовательности, См", "type": "expression"}, "bch": {"expression": "Реактивная проводимость на землю прямой последовательности, См", "type": "expression"}, "raw_CIM_props": {"expression": [{"@id": "#ACLineSegment.b0ch", "@type": "rdfs:Property", "domain": "#ACLineSegment", "label": {"@language": "ru", "@value": "b0Ёмк"}, "range": "#Susceptance"}, {"@id": "#ACLineSegment.bch", "@type": "rdfs:Property", "domain": "#ACLineSegment", "label": {"@language": "ru", "@value": "bЁмк"}, "range": "#Susceptance"}, {"@id": "#ACLineSegment.ccsCode", "@type": "rdfs:Property", "domain": "#PowerSystemResource", "label": {"@language": "ru", "@value": "кодKKS"}, "range": "#String"}, {"@id": "#ACLineSegment.energisableWithDisconnector", "@type": "rdfs:Property", "domain": "#ACLineSegment", "label": {"@language": "ru", "@value": "включаемРазъединителем"}, "range": "#Boolean"}, {"@id": "#ACLineSegment.g0ch", "@type": "rdfs:Property", "domain": "#ACLineSegment", "label": {"@language": "ru", "@value": "g0Попереч"}, "range": "#Conductance"}, {"@id": "#ACLineSegment.gch", "@type": "rdfs:Property", "domain": "#ACLineSegment", "label": {"@language": "ru", "@value": "gПопереч"}, "range": "#Conductance"}, {"@id": "#ACLineSegment.iMaxSummer", "@type": "rdfs:Property", "domain": "#ACLineSegment", "label": {"@language": "ru", "@value": "iМаксЛето"}, "range": "#CurrentFlow"}, {"@id": "#ACLineSegment.iMaxWinter", "@type": "rdfs:Property", "domain": "#ACLineSegment", "label": {"@language": "ru", "@value": "iМаксЗима"}, "range": "#CurrentFlow"}, {"@id": "#ACLineSegment.iTh", "@type": "rdfs:Property", "domain": "#ConductingEquipment", "label": {"@language": "ru", "@value": "iTh"}, "range": "#CurrentFlow"}, {"@id": "#ACLineSegment.ipMax", "@type": "rdfs:Property", "domain": "#ConductingEquipment", "label": {"@language": "ru", "@value": "ipMax"}, "range": "#CurrentFlow"}, {"@id": "#ACLineSegment.length", "@type": "rdfs:Property", "domain": "#Conductor", "label": {"@language": "ru", "@value": "длина"}, "range": "#Length"}, {"@id": "#ACLineSegment.mRID", "@type": "rdfs:Property", "domain": "#IdentifiedObject", "label": {"@language": "ru", "@value": "MRID"}, "range": "#String"}, {"@id": "#ACLineSegment.modelDetail", "@type": "rdfs:Property", "domain": "#ACLineSegment", "label": {"@language": "ru", "@value": "детальностьМодели"}, "range": "#Classification"}, {"@id": "#ACLineSegment.name", "@type": "rdfs:Property", "domain": "#IdentifiedObject", "label": {"@language": "ru", "@value": "Название"}, "range": "#String"}, {"@id": "#ACLineSegment.nameplate", "@type": "rdfs:Property", "domain": "#Equipment", "label": {"@language": "ru", "@value": "Марка изготовителя"}, "range": "#String"}, {"@id": "#ACLineSegment.normallyInService", "@type": "rdfs:Property", "domain": "#Equipment", "label": {"@language": "ru", "@value": "Нормально в работе"}, "range": "#Boolean"}, {"@id": "#ACLineSegment.r", "@type": "rdfs:Property", "domain": "#ACLineSegment", "label": {"@language": "ru", "@value": "r"}, "range": "#Resistance"}, {"@id": "#ACLineSegment.r0", "@type": "rdfs:Property", "domain": "#ACLineSegment", "label": {"@language": "ru", "@value": "r0"}, "range": "#Resistance"}, {"@id": "#ACLineSegment.shortCircuitEndTemperature", "@type": "rdfs:Property", "domain": "#ACLineSegment", "label": {"@language": "ru", "@value": "конечнТемпКЗ"}, "range": "#Temperature"}, {"@id": "#ACLineSegment.tTh", "@type": "rdfs:Property", "domain": "#ConductingEquipment", "label": {"@language": "ru", "@value": "tTh"}, "range": "#Seconds"}, {"@id": "#ACLineSegment.wireSplittingFactor", "@type": "rdfs:Property", "domain": "#ACLineSegment", "label": {"@language": "ru", "@value": "кратностьРасщепления"}, "range": "#Integer"}, {"@id": "#ACLineSegment.x", "@type": "rdfs:Property", "domain": "#ACLineSegment", "label": {"@language": "ru", "@value": "x"}, "range": "#Reactance"}, {"@id": "#ACLineSegment.x0", "@type": "rdfs:Property", "domain": "#ACLineSegment", "label": {"@language": "ru", "@value": "x0"}, "range": "#Reactance"}], "type": "expression"}}, "ports": [{"name": "ioPortLeft", "type": ["IN", "OUT"], "position": {"x": 0.0, "y": 0.5}}, {"name": "ioPortRight", "type": ["IN", "OUT"], "position": {"x": 1.0, "y": 0.5}}]}