{"title": "oil_edge", "layout": {"heigth": 80, "width": 80}, "image": "icon.svg", "properties": {"object_type": {"type": "expression", "expression": ""}, "Name": {"type": "expression", "expression": ""}, "L": {"type": "expression", "expression": ""}, "d": {"type": "expression", "expression": ""}, "s": {"type": "expression", "expression": ""}, "uphillM": {"type": "expression", "expression": ""}, "effectiveD": {"type": "expression", "expression": ""}, "intD": {"type": "expression", "expression": ""}, "node_id_start": {"type": "expression", "expression": ""}, "node_id_end": {"type": "expression", "expression": ""}}, "ports": [{"name": "outPort1", "type": "OUT", "position": {"x": 0.5, "y": 1.0}}, {"name": "inPort1", "type": "IN", "position": {"x": 0.5, "y": 0.0}}]}