{"title": "Высокочастотный заградитель линии электропередачи", "layout": {"heigth": 91, "width": 91}, "image": "icon.svg", "properties": {"name": {"expression": "Наименование объекта информационной модели", "type": "expression"}, "aliasName": {"expression": "Дополнительное наименование идентифицируемого объекта", "type": "expression"}, "description": {"expression": "Описание объекта информационной модели", "type": "expression"}, "normallylnService": {"expression": "Нормальное состояние оборудования - в работе (если присвоено значение \"Истина\")", "type": "expression"}, "raw_CIM_props": {"expression": [{"@id": "#IdentifiedObject.mRID", "@type": "rdfs:Property", "domain": "#IdentifiedObject", "label": {"@language": "ru", "@value": "MRID"}, "range": "#String"}, {"@id": "#IdentifiedObject.name", "@type": "rdfs:Property", "domain": "#IdentifiedObject", "label": {"@language": "ru", "@value": "Название"}, "range": "#String"}], "type": "expression"}}, "ports": [{"name": "ioPortLow", "type": ["IN", "OUT"], "position": {"x": 0.5, "y": 1.0}}, {"name": "ioPortTop", "type": ["IN", "OUT"], "position": {"x": 0.5, "y": 0.0}}]}