{"title": "oil_well_ppd", "layout": {"heigth": 148, "width": 80}, "image": "icon.svg", "properties": {"object_type": {"type": "expression", "expression": ""}, "T": {"type": "expression", "expression": ""}, "P": {"type": "expression", "expression": ""}, "Q_m3_day": {"type": "expression", "expression": ""}, "query_res": {"type": "expression", "expression": ""}, "Name": {"type": "expression", "expression": ""}, "node_name": {"type": "expression", "expression": ""}, "node_id": {"type": "expression", "expression": ""}, "X": {"type": "expression", "expression": ""}, "Y": {"type": "expression", "expression": ""}, "Kind": {"type": "expression", "expression": ""}, "Value": {"type": "expression", "expression": ""}, "IsSource": {"type": "expression", "expression": ""}, "VolumeWater": {"type": "expression", "expression": ""}, "perforation": {"type": "expression", "expression": ""}, "pumpDepth": {"type": "expression", "expression": ""}, "model": {"type": "expression", "expression": ""}, "frequency": {"type": "expression", "expression": ""}, "productivity": {"type": "expression", "expression": ""}, "predict_mode": {"type": "expression", "expression": ""}, "shtr_debit": {"type": "expression", "expression": ""}, "K_pump": {"type": "expression", "expression": ""}}, "ports": [{"name": "outPort1", "type": "OUT", "position": {"x": 0.5, "y": 1.0}}, {"name": "inPort1", "type": "IN", "position": {"x": 0.5, "y": 0.0}}]}