"Node","scheme_name","classname_ru","classname","compname","iconname","w","h","ports"
"ГЗУ","ГЗУ",,"oil_object",,"oil_gzu.svg",,,"obj"
"ДНС","ДНС",,"oil_object",,"oil_dns.svg",,,"obj"
"КНС","КНС",,"oil_kns",,"oil_kns.svg",,,"obj"
"Куст","Куст",,"oil_object",,"oil_pad.svg",,,"obj"
"Объект",,,"oil_object",,"oil_block.svg",,,"obj"
"Связь fluid",,,"oil_edge",,"oil_edge_fluid.svg",,,
"Связь gas",,,,,"oil_edge_gas.svg",,,
"Связь oil",,,,,"oil_edge_oil.svg",,,
"Связь reagent",,,,,"oil_edge_reagent.svg",,,
"Связь water",,,,,"oil_edge_water.svg",,,
"Связь whatif",,,,,"oil_edge_whatif.svg",,,
"Скважина",,,"oil_well",,"oil_well.svg",,,"io2"
"Скважина водозабор",,,"oil_well_vodazabor",,"oil_well_vodazabornay.svg",,,"io2"
"Скважина ППД",,,"oil_well_ppd",,"oil_well_ppd.svg",,,"io2"
"Соединение default",,,"oil_junction_point",,"oil_junction_point_raw.svg",,,"center"
"Соединение gas",,,"oil_junction_point",,"oil_junction_point_gas.svg",,,"center"
"Соединение oil",,,"oil_junction_point",,"oil_junction_point.svg",,,"center"
"Соединение ppd",,,"oil_junction_point",,"oil_junction_ppd.svg",,,"center"
"Соединение whatif",,,"oil_junction_point",,"oil_junction_point_whatif.svg",,,"center"
"Труба default",,,"oil_edge",,"oil_pipe_raw.svg",,,"io2"
"Труба gas",,,"oil_edge",,"oil_pipe_gas.svg",,,"io3"
"Труба oil",,,"oil_edge",,"oil_pipe.svg",,,"io4"
"Труба ppd",,,"oil_edge",,"oil_pipe_ppd.svg",,,"io5"
"Труба whatif",,,"oil_edge",,"oil_pipe_whatif.svg",,,"io6"
