{
    "title": "eeOut",
    "layout": {
        "heigth": 90,
        "width": 80
    },
    "image": "icon.svg",
    "properties": {
        "aliasName": {
            "expression": "",
            "type": "expression"
        },
        "description": {
            "expression": "",
            "type": "expression"
        },
        "normallylnService": {
            "expression": "",
            "type": "expression"
        },
        "model": {
            "expression": "",
            "type": "expression"
        },
        "Name": {
            "type": "expression",
            "expression": "",
            "status": "completed",
            "value": ""
        },
        "zagruzka": {
            "type": "expression",
            "expression": "",
            "status": "completed",
            "value": ""
        },
        "current": {
            "type": "expression",
            "expression": "",
            "status": "completed",
            "value": ""
        },
        "kV": {
            "type": "expression",
            "expression": "",
            "status": "completed",
            "value": ""
        },
        "power": {
            "type": "expression",
            "expression": "",
            "status": "completed",
            "value": ""
        }
    },
    "ports": [
        {
            "name": "ioPortTop",
            "type": [
                "IN",
                "OUT"
            ],
            "position": {
                "x": 0.5,
                "y": 0.0
            }
        }
    ]
}