{"title": "GatewayXor", "layout": {"heigth": 100, "width": 100}, "image": "icon.svg", "properties": {"type": {"type": "expression", "expression": "'XOR'", "status": "new", "value": "XOR", "input": {"component": "select", "type": "const", "values": ["Exclusive", "Complex", "Eventbased", "OR", "Parallel", "XOR"]}}}, "ports": [{"name": "ioLeft", "type": ["IN", "OUT"], "position": {"x": 0.0, "y": 0.5}}, {"name": "ioRight", "type": ["IN", "OUT"], "position": {"x": 1.0, "y": 0.5}}, {"name": "ioTop", "type": ["IN", "OUT"], "position": {"x": 0.5, "y": 0.0}}, {"name": "ioLow", "type": ["IN", "OUT"], "position": {"x": 0.5, "y": 1.0}}]}