{"title": "oil_object", "layout": {"heigth": 148, "width": 148}, "image": "icon.svg", "properties": {"object_type": {"type": "expression", "expression": ""}, "P": {"type": "expression", "expression": ""}, "T": {"type": "expression", "expression": ""}, "Q_m3_day": {"type": "expression", "expression": ""}, "query_res": {"type": "datasource", "expression": ""}, "Name": {"type": "expression", "expression": ""}, "node_name": {"type": "expression", "expression": ""}, "node_id": {"type": "expression", "expression": ""}, "X": {"type": "expression", "expression": ""}, "Y": {"type": "expression", "expression": ""}, "Kind": {"type": "expression", "expression": ""}, "Value": {"type": "expression", "expression": ""}, "IsOutlet": {"type": "expression", "expression": ""}, "VolumeWater": {"type": "expression", "expression": ""}, "res_start_info": {"type": "datasource", "expression": ""}, "res_vals": {"type": "expression", "expression": ""}}, "ports": [{"name": "outPort1", "type": "OUT", "position": {"x": 0.5, "y": 1.0}}, {"name": "outPortIndication", "type": "OUT", "position": {"x": 0.75, "y": 1.0}}, {"name": "inPort1", "type": "IN", "position": {"x": 0.5, "y": 0.0}}]}