{
    "title": "noTitle",
    "layout": {
        "height": 46,
        "width": 46
    },
    "image": "icon.svg",
    "properties": {
        "Name": {
            "type": "expression",
            "expression": "",
            "status": "new",
            "value": ""
        },
        "X": {
            "type": "expression",
            "expression": "",
            "status": "new",
            "value": ""
        },
        "Y": {
            "type": "expression",
            "expression": "",
            "status": "new",
            "value": ""
        },
        "Pressures_bar": {
            "type": "expression",
            "expression": "",
            "status": "new",
            "value": ""
        }
    }, 
    "ports": [
        {
            "name": "ioCenter",
            "type": [
                "IN",
                "OUT"
            ],
            "position": {
                "x": 0.5,
                "y": 0.5
            }
        }
    ]
}