{"title": "Автотрансформатор 3-х обмоточный с РПН", "layout": {"heigth": 91, "width": 119}, "image": "icon.svg", "properties": {"name": {"expression": "//\"Наименование объекта информационной модели\"\n' '", "type": "expression"}, "aliasName": {"expression": "//\"Дополнительное наименование идентифицируемого объекта\"\n' '", "type": "expression"}, "description": {"expression": "//\"Описание объекта информационной модели\"\n' '", "type": "expression"}, "normallylnService": {"expression": "//\"Нормальное состояние оборудования - в работе (если присвоено значение Истина)\"\n' '", "type": "expression"}, "isThreePhase\nEquipment": {"expression": "//\"Трехфазное исполнение оборудования (если присвоено значение Истина)\"\n' '", "type": "expression"}, "vectorGroup": {"expression": "//\"Группа соединения обмоток\"\n' '", "type": "expression"}}, "ports": [{"name": "ioPortLow", "type": ["IN", "OUT"], "position": {"x": 1.0, "y": 0.5}}, {"name": "ioPortTop", "type": ["IN", "OUT"], "position": {"x": 0.0, "y": 0.5}}]}