{
    "title": "noTitle",
    "layout": {
        "height": 147.25,
        "width": 148.75
    },
    "image": "icon.svg",
    "properties": {},
    "ports": [
        {
            "name": "ioLeft",
            "type": [
                "IN",
                "OUT"
            ],
            "position": {
                "x": 0.0,
                "y": 0.5
            }
        },
        {
            "name": "ioRight",
            "type": [
                "IN",
                "OUT"
            ],
            "position": {
                "x": 1.0,
                "y": 0.5
            }
        },
        {
            "name": "ioTop",
            "type": [
                "IN",
                "OUT"
            ],
            "position": {
                "x": 0.5,
                "y": 0.0
            }
        },
        {
            "name": "ioLow",
            "type": [
                "IN",
                "OUT"
            ],
            "position": {
                "x": 0.5,
                "y": 1.0
            }
        }
    ]
}