{"title": "Разъединитель включен", "layout": {"heigth": 91, "width": 91}, "image": "icon.svg", "properties": {"name": {"expression": "Наименование объекта информационной модели", "type": "expression"}, "aliasName": {"expression": "Дополнительное наименование идентифицируемого объекта", "type": "expression"}, "description": {"expression": "Описание объекта информационной модели", "type": "expression"}, "normallylnService": {"expression": "Нормальное состояние оборудования - в работе (если присвоено значение \"Истина\")", "type": "expression"}, "isThreePhase\nEquipment": {"expression": "Трехфазное исполнение оборудования (если присвоено значение \"Истина\")", "type": "expression"}, "rf:differencelnTransit Time": {"expression": "Разновременность замыкания контактов полюсов выключателя (только для выключателей с типом привода \"пофазный\"), с", "type": "expression"}, "ratedCurrent": {"expression": "Номинальный ток, А", "type": "expression"}, "normalOpen": {"expression": "Если присвоено значение \"Истина\", нормальное состояние \"Отключено\"", "type": "expression"}, "raw_CIM_props": {"expression": [{"@id": "#Disconnector.breakingCurrent", "@type": "rdfs:Property", "domain": "#Disconnector", "label": {"@language": "ru", "@value": "номТокОтключения"}, "range": "#CurrentFlow"}, {"@id": "#Disconnector.ccsCode", "@type": "rdfs:Property", "domain": "#PowerSystemResource", "label": {"@language": "ru", "@value": "кодKKS"}, "range": "#String"}, {"@id": "#Disconnector.iTh", "@type": "rdfs:Property", "domain": "#ConductingEquipment", "label": {"@language": "ru", "@value": "iTh"}, "range": "#CurrentFlow"}, {"@id": "#Disconnector.ipMax", "@type": "rdfs:Property", "domain": "#ConductingEquipment", "label": {"@language": "ru", "@value": "ipMax"}, "range": "#CurrentFlow"}, {"@id": "#Disconnector.mRID", "@type": "rdfs:Property", "domain": "#IdentifiedObject", "label": {"@language": "ru", "@value": "MRID"}, "range": "#String"}, {"@id": "#Disconnector.name", "@type": "rdfs:Property", "domain": "#IdentifiedObject", "label": {"@language": "ru", "@value": "Название"}, "range": "#String"}, {"@id": "#Disconnector.nameplate", "@type": "rdfs:Property", "domain": "#Equipment", "label": {"@language": "ru", "@value": "Марка изготовителя"}, "range": "#String"}, {"@id": "#Disconnector.normalOpen", "@type": "rdfs:Property", "domain": "#Switch", "label": {"@language": "ru", "@value": "нормальноОткл"}, "range": "#Boolean"}, {"@id": "#Disconnector.normallyInService", "@type": "rdfs:Property", "domain": "#Equipment", "label": {"@language": "ru", "@value": "Нормально в работе"}, "range": "#Boolean"}, {"@id": "#Disconnector.ratedCurrent", "@type": "rdfs:Property", "domain": "#Switch", "label": {"@language": "ru", "@value": "номТок"}, "range": "#CurrentFlow"}, {"@id": "#Disconnector.retained", "@type": "rdfs:Property", "domain": "#Switch", "label": {"@language": "ru", "@value": "ветвь"}, "range": "#Boolean"}, {"@id": "#Disconnector.tTh", "@type": "rdfs:Property", "domain": "#ConductingEquipment", "label": {"@language": "ru", "@value": "tTh"}, "range": "#Seconds"}], "type": "expression"}}, "ports": [{"name": "ioPortLow", "type": ["IN", "OUT"], "position": {"x": 0.5, "y": 1.0}}, {"name": "ioPortTop", "type": ["IN", "OUT"], "position": {"x": 0.5, "y": 0.0}}]}