{
    "title": "Source Excel",
    "layout": {
        "heigth": 60,
        "width": 60
    },
    "image": "icon.svg",
    "properties": {
        "name": {
            "type": "expression",
            "expression": "",
            "input": {
                "component": "textarea"
            }
        }
    },
    "ports": [
        {
            "name": "ioTop",
            "type": [
                "IN",
                "OUT"
            ],
            "position": {
                "x": 0.5,
                "y": 0.0
            }
        }
    ]
}