{"title": "Токоограничивающий реактор сдвоенный", "layout": {"heigth": 81, "width": 89}, "image": "icon.svg", "properties": {"name": {"expression": "//\"Наименование объекта информационной модели\"\n' '", "type": "expression"}, "aliasName": {"expression": "//\"Дополнительное наименование идентифицируемого объекта\"\n' '", "type": "expression"}, "description": {"expression": "//\"Описание объекта информационной модели\"\n' '", "type": "expression"}, "normallylnService": {"expression": "//\"Нормальное состояние оборудования - в работе (если присвоено значение Истина)\"\n' '", "type": "expression"}, "isThreePhase\nEquipment": {"expression": "//\"Трехфазное исполнение оборудования (если присвоено значение Истина)\"\n' '", "type": "expression"}}, "ports": [{"name": "ioPortLeft", "type": ["IN", "OUT"], "position": {"x": 0.5, "y": 0.0}}, {"name": "ioPortRight", "type": ["IN", "OUT"], "position": {"x": 0.5, "y": 1.0}}, {"name": "ioPortTop", "type": ["IN", "OUT"], "position": {"x": 1.0, "y": 0.5}}]}