{"title": "Кабельная линия 0,4 кВ", "layout": {"heigth": 91, "width": 91}, "image": "icon.svg", "properties": {"name": {"expression": "//\"Наименование объекта информационной модели\"\n' '", "type": "expression"}, "aliasName": {"expression": "//\"Дополнительное наименование идентифицируемого объекта\"\n' '", "type": "expression"}, "description": {"expression": "//\"Описание объекта информационной модели\"\n' '", "type": "expression"}, "normallylnService": {"expression": "//\"Нормальное состояние оборудования - в работе (если присвоено значение Истина)\"\n' '", "type": "expression"}, "isThreePhase\nEquipment": {"expression": "//\"Трехфазное исполнение оборудования (если присвоено значение Истина)\"\n' '", "type": "expression"}, "length": {"expression": "//\"Длина проводника, м\"\n' '", "type": "expression"}, "g0ch": {"expression": "//\"Активная проводимость на землю нулевой последовательности, См\"\n' '", "type": "expression"}, "gch": {"expression": "//\"Активная проводимость на землю прямой последовательности, См\"\n' '", "type": "expression"}, "x": {"expression": "//\"Реактивное сопротивление прямой последовательности, Ом\"\n' '", "type": "expression"}, "x0": {"expression": "//\"Реактивное сопротивление нулевой последовательности, Ом\"\n' '", "type": "expression"}, "r": {"expression": "//\"Активное сопротивление прямой последовательности, Ом\"\n' '", "type": "expression"}, "r0": {"expression": "//\"Активное сопротивление нулевой последовательности, Ом\"\n' '", "type": "expression"}, "b0ch": {"expression": "//\"Реактивная проводимость на землю нулевой последовательности, См\"\n' '", "type": "expression"}, "bch": {"expression": "//\"Реактивная проводимость на землю прямой последовательности, См\"\n' '", "type": "expression"}}, "ports": [{"name": "ioPortLeft", "type": ["IN", "OUT"], "position": {"x": 0.5, "y": 0.0}}, {"name": "ioPortRight", "type": ["IN", "OUT"], "position": {"x": 0.5, "y": 1.0}}]}