{"title": "Выключатель нагрузки отключен", "layout": {"heigth": 91, "width": 91}, "image": "icon.svg", "properties": {"name": {"expression": "//\"Наименование объекта информационной модели\"\n' '", "type": "expression"}, "aliasName": {"expression": "//\"Дополнительное наименование идентифицируемого объекта\"\n' '", "type": "expression"}, "description": {"expression": "//\"Описание объекта информационной модели\"\n' '", "type": "expression"}, "normallylnService": {"expression": "//\"Нормальное состояние оборудования - в работе (если присвоено значение Истина)\"\n' '", "type": "expression"}, "isThreePhase\nEquipment": {"expression": "//\"Трехфазное исполнение оборудования (если присвоено значение Истина)\"\n' '", "type": "expression"}, "rf:differencelnTransit Time": {"expression": "//\"Разновременность замыкания контактов полюсов выключателя (только для выключателей с типом привода пофазный), с\"\n' '", "type": "expression"}, "ratedCurrent": {"expression": "//\"Номинальный ток, А\"\n' '", "type": "expression"}, "normalOpen": {"expression": "//\"Если присвоено значение Истина, нормальное состояние Отключено\"\n' '", "type": "expression"}, "breakingCapacity": {"expression": "//\"Номинальный ток отключения выключателя, А\"\n' '", "type": "expression"}}, "ports": [{"name": "ioPortLow", "type": ["IN", "OUT"], "position": {"x": 0.0, "y": 0.5}}, {"name": "ioPortTop", "type": ["IN", "OUT"], "position": {"x": 1.0, "y": 0.5}}]}