{"title": "Трансформатор напряжения 2-х обмоточный", "layout": {"heigth": 91, "width": 91}, "image": "icon.svg", "properties": {"name": {"expression": "Наименование объекта информационной модели", "type": "expression"}, "aliasName": {"expression": "Дополнительное наименование идентифицируемого объекта", "type": "expression"}, "description": {"expression": "Описание объекта информационной модели", "type": "expression"}, "normallylnService": {"expression": "Нормальное состояние оборудования - в работе (если присвоено значение \"Истина\")", "type": "expression"}, "type": {"expression": "Конструктивный тип", "type": "expression"}, "accuracyClass": {"expression": "Класс точности", "type": "expression"}, "raw_CIM_props": {"expression": [{"@id": "#PowerTransformer.ccsCode", "@type": "rdfs:Property", "domain": "#PowerSystemResource", "label": {"@language": "ru", "@value": "кодСКК"}, "range": "#String"}, {"@id": "#PowerTransformer.energisableWithDisconnector", "@type": "rdfs:Property", "domain": "#PowerTransformer", "label": {"@language": "ru", "@value": "ВключаемРазъединителем"}, "range": "#Boolean"}, {"@id": "#PowerTransformer.iTh", "@type": "rdfs:Property", "domain": "#ConductingEquipment", "label": {"@language": "ru", "@value": "iTh"}, "range": "#CurrentFlow"}, {"@id": "#PowerTransformer.ipMax", "@type": "rdfs:Property", "domain": "#ConductingEquipment", "label": {"@language": "ru", "@value": "ipMax"}, "range": "#CurrentFlow"}, {"@id": "#PowerTransformer.isStationSupply", "@type": "rdfs:Property", "domain": "#PowerTransformer", "label": {"@language": "ru", "@value": "тСН"}, "range": "#Boolean"}, {"@id": "#PowerTransformer.mRID", "@type": "rdfs:Property", "domain": "#IdentifiedObject", "label": {"@language": "ru", "@value": "MRID"}, "range": "#String"}, {"@id": "#PowerTransformer.name", "@type": "rdfs:Property", "domain": "#IdentifiedObject", "label": {"@language": "ru", "@value": "Название"}, "range": "#String"}, {"@id": "#PowerTransformer.nameplate", "@type": "rdfs:Property", "domain": "#Equipment", "label": {"@language": "ru", "@value": "Марка изготовителя"}, "range": "#String"}, {"@id": "#PowerTransformer.normallyInService", "@type": "rdfs:Property", "domain": "#Equipment", "label": {"@language": "ru", "@value": "Нормально в работе"}, "range": "#Boolean"}, {"@id": "#PowerTransformer.tTh", "@type": "rdfs:Property", "domain": "#ConductingEquipment", "label": {"@language": "ru", "@value": "tTh"}, "range": "#Seconds"}, {"@id": "#PowerTransformerEnd.b", "@type": "rdfs:Property", "domain": "#PowerTransformerEnd", "label": {"@language": "ru", "@value": "b"}, "range": "#Susceptance"}, {"@id": "#PowerTransformerEnd.b0", "@type": "rdfs:Property", "domain": "#PowerTransformerEnd", "label": {"@language": "ru", "@value": "b0"}, "range": "#Susceptance"}, {"@id": "#PowerTransformerEnd.b0Actual", "@type": "rdfs:Property", "domain": "#PowerTransformerEnd", "label": {"@language": "ru", "@value": "b0Факт"}, "range": "#Susceptance"}, {"@id": "#PowerTransformerEnd.connectionKind", "@type": "rdfs:Property", "domain": "#PowerTransformerEnd", "label": {"@language": "ru", "@value": "СхемаСоедОбмоток"}, "range": "#WindingConnection"}, {"@id": "#PowerTransformerEnd.endNumber", "@type": "rdfs:Property", "domain": "#TransformerEnd", "label": {"@language": "ru", "@value": "номерВывода"}, "range": "#Integer"}, {"@id": "#PowerTransformerEnd.g", "@type": "rdfs:Property", "domain": "#PowerTransformerEnd", "label": {"@language": "ru", "@value": "g"}, "range": "#Conductance"}, {"@id": "#PowerTransformerEnd.g0", "@type": "rdfs:Property", "domain": "#PowerTransformerEnd", "range": "#Conductance"}, {"@id": "#PowerTransformerEnd.g0Actual", "@type": "rdfs:Property", "domain": "#PowerTransformerEnd", "label": {"@language": "ru", "@value": "g0Факт"}, "range": "#Conductance"}, {"@id": "#PowerTransformerEnd.grounded", "@type": "rdfs:Property", "domain": "#TransformerEnd", "label": {"@language": "ru", "@value": "заземлён"}, "range": "#Boolean"}, {"@id": "#PowerTransformerEnd.mRID", "@type": "rdfs:Property", "domain": "#IdentifiedObject", "label": {"@language": "ru", "@value": "MRID"}, "range": "#String"}, {"@id": "#PowerTransformerEnd.name", "@type": "rdfs:Property", "domain": "#IdentifiedObject", "label": {"@language": "ru", "@value": "Название"}, "range": "#String"}, {"@id": "#PowerTransformerEnd.phaseAngleClock", "@type": "rdfs:Property", "domain": "#PowerTransformerEnd", "label": {"@language": "ru", "@value": "ГруппаСоедОбмоток"}, "range": "#Integer"}, {"@id": "#PowerTransformerEnd.ratedS", "@type": "rdfs:Property", "domain": "#PowerTransformerEnd", "label": {"@language": "ru", "@value": "номS"}, "range": "#ApparentPower"}, {"@id": "#PowerTransformerEnd.ratedU", "@type": "rdfs:Property", "domain": "#PowerTransformerEnd", "label": {"@language": "ru", "@value": "номU"}, "range": "#Voltage"}, {"@id": "#PowerTransformerEnd.rground", "@type": "rdfs:Property", "domain": "#TransformerEnd", "label": {"@language": "ru", "@value": "rЗаземл"}, "range": "#Resistance"}, {"@id": "#PowerTransformerEnd.xground", "@type": "rdfs:Property", "domain": "#TransformerEnd", "label": {"@language": "ru", "@value": "xЗаземл"}, "range": "#Reactance"}], "type": "expression"}}, "ports": [{"name": "ioPortLow", "type": ["IN", "OUT"], "position": {"x": 0.5, "y": 1.0}}, {"name": "ioPortTop", "type": ["IN", "OUT"], "position": {"x": 0.5, "y": 0.0}}]}