{
    "primitiveID": "oil_well_1645_outPort1",
    "primitiveName": "outPort1",
    "isAddedManually": "true",
    "portLocation": "right",
    "type": [
        "OUT"
    ],
    "properties": {
        "status": {
            "type": "expression",
            "expression": "let well_props_ext_out ={\n    \"T\": this.T,\n    \"VolumeWater\": this.VolumeWater,\n    \"perforation\": this.perforation,\n    \"pumpDepth\": this.pumpDepth,\n    \"frequency\": this.frequency,\n    \"productivity\": this.productivity,\n    \"shtr_debit\": this.shtr_debit,\n    \"K_pump\": this.K_pump,\n    \"P\": this.P,\n    \"Q_m3_day\": this.Q_m3_day\n}\nwell_props_ext_out",
            "input": {
                "component": "textarea"
            },
            "status": "complete",
            "value": ""
        }
    },
    "initPosition": {
        "x": 1,
        "y": 0.5
    },
    "location": {
        "x": 9273.543055555556,
        "y": 147.625
    }
}