{"title": "Отпайка", "layout": {"heigth": 91, "width": 91}, "image": "icon.svg", "properties": {"name": {"expression": "Наименование объекта информационной модели", "type": "expression"}, "aliasName": {"expression": "Дополнительное наименование идентифицируемого объекта", "type": "expression"}, "description": {"expression": "Описание объекта информационной модели", "type": "expression"}, "raw_CIM_props": {"expression": [{"@id": "#ConnectivityNode.mRID", "@type": "rdfs:Property", "domain": "#IdentifiedObject", "label": {"@language": "ru", "@value": "MRID"}, "range": "#String"}, {"@id": "#ConnectivityNodeContainer.ccsCode", "@type": "rdfs:Property", "domain": "#PowerSystemResource", "label": {"@language": "ru", "@value": "кодKKS"}, "range": "#String"}, {"@id": "#ConnectivityNodeContainer.mRID", "@type": "rdfs:Property", "domain": "#IdentifiedObject", "label": {"@language": "ru", "@value": "MRID"}, "range": "#String"}, {"@id": "#ConnectivityNodeContainer.name", "@type": "rdfs:Property", "domain": "#IdentifiedObject", "label": {"@language": "ru", "@value": "Название"}, "range": "#String"}], "type": "expression"}}, "ports": [{"name": "ioPortLeft", "type": ["IN", "OUT"], "position": {"x": 0.0, "y": 0.5}}, {"name": "ioPortRight", "type": ["IN", "OUT"], "position": {"x": 1.0, "y": 0.5}}, {"name": "ioPortTop", "type": ["IN", "OUT"], "position": {"x": 0.5, "y": 0.0}}, {"name": "ioPortLow", "type": ["IN", "OUT"], "position": {"x": 0.5, "y": 1.0}}]}