{
    "primitiveName": "outPort2",
    "type": [
        "OUT"
    ],
    "properties": {
        "status": {
            "type": "expression",
            "expression": "let pipe_props_ = {\n    \"X_kg_sec\": this.X_kg_sec,\n    \"liquid_density_kg_m3\": this.liquid_density_kg_m3,\n    \"pump_power_watt\": this.pump_power_watt,\n    \"velocity_m_sec\": this.velocity_m_sec,\n    \"watercut_percent\": this.watercut_percent\n};\npipe_props_",
            "input": {
                "component": "textarea"
            },
            "status": "complete",
            "value": ""
        }
    },
    "primitiveID": "oil_pipe_2001_outPort2",
    "location": {
        "x": 8828.97996031746,
        "y": 306.25
    }
}