{"title": "Предохранитель с плавкой вставкой", "layout": {"heigth": 91, "width": 59}, "image": "icon.svg", "properties": {"name": {"expression": "Наименование объекта информационной модели", "type": "expression"}, "aliasName": {"expression": "Дополнительное наименование идентифицируемого объекта", "type": "expression"}, "description": {"expression": "Описание объекта информационной модели", "type": "expression"}, "normallylnService": {"expression": "Нормальное состояние оборудования - в работе (если присвоено значение \"Истина\")", "type": "expression"}, "isThreePhase\nEquipment": {"expression": "Трехфазное исполнение оборудования (если присвоено значение \"Истина\")", "type": "expression"}, "rf:differencelnTransit Time": {"expression": "Разновременность замыкания контактов полюсов выключателя (только для выключателей с типом привода \"пофазный\"), с", "type": "expression"}, "ratedCurrent": {"expression": "Номинальный ток, А", "type": "expression"}, "normalOpen": {"expression": "Если присвоено значение \"Истина\", нормальное состояние \"Отключено\"", "type": "expression"}, "raw_CIM_props": {"expression": [{"@id": "#Fuse.breakingCapacity", "@type": "rdfs:Property", "domain": "#Fuse", "lable": {"@language": "ru", "@value": "отключСпособность"}, "range": "#CurrentFlow"}, {"@id": "#Fuse.ccsCode", "@type": "rdfs:Property", "domain": "#PowerSystemResource", "lable": {"@language": "ru", "@value": "кодСКК"}, "range": "#String"}, {"@id": "#Fuse.filamentRatedCurrent", "@type": "rdfs:Property", "domain": "#Fuse", "lable": {"@language": "ru", "@value": "номТокПлавкойВставки"}, "range": "#CurrentFlow"}, {"@id": "#Fuse.iTh", "@type": "rdfs:Property", "domain": "#ConductingEquipment", "lable": {"@language": "ru", "@value": "iTh"}, "range": "#CurrentFlow"}, {"@id": "#Fuse.ipMax", "@type": "rdfs:Property", "domain": "#ConductingEquipment", "lable": {"@language": "ru", "@value": "ipMax"}, "range": "#CurrentFlow"}, {"@id": "#Fuse.mRID", "@type": "rdfs:Property", "domain": "#IdentifiedObject", "lable": {"@language": "ru", "@value": "MRID"}, "range": "#String"}, {"@id": "#Fuse.name", "@type": "rdfs:Property", "domain": "#IdentifiedObject", "lable": {"@language": "ru", "@value": "Название"}, "range": "#String"}, {"@id": "#Fuse.nameplate", "@type": "rdfs:Property", "domain": "#Equipment", "lable": {"@language": "ru", "@value": "Марка изготовителя"}, "range": "#String"}, {"@id": "#Fuse.normalOpen", "@type": "rdfs:Property", "domain": "#Switch", "lable": {"@language": "ru", "@value": "нормальноОткл"}, "range": "#Boolean"}, {"@id": "#Fuse.normallyInService", "@type": "rdfs:Property", "domain": "#Equipment", "lable": {"@language": "ru", "@value": "Нормально в работе"}, "range": "#Boolean"}, {"@id": "#Fuse.ratedCurrent", "@type": "rdfs:Property", "domain": "#Switch", "lable": {"@language": "ru", "@value": "номТок"}, "range": "#CurrentFlow"}, {"@id": "#Fuse.retained", "@type": "rdfs:Property", "domain": "#Switch", "lable": {"@language": "ru", "@value": "ветвь"}, "range": "#Boolean"}, {"@id": "#Fuse.tTh", "@type": "rdfs:Property", "domain": "#ConductingEquipment", "lable": {"@language": "ru", "@value": "tTh"}, "range": "#Seconds"}], "type": "expression"}}, "ports": [{"name": "ioPortLow", "type": ["IN", "OUT"], "position": {"x": 0.5, "y": 1.0}}, {"name": "ioPortTop", "type": ["IN", "OUT"], "position": {"x": 0.5, "y": 0.0}}]}