{"title": "oil_junction_point", "layout": {"heigth": 46, "width": 46}, "image": "icon.svg", "properties": {"object_type": {"type": "expression", "expression": ""}, "Name": {"type": "expression", "expression": ""}, "node_name": {"type": "expression", "expression": ""}, "node_id": {"type": "expression", "expression": ""}, "X": {"type": "expression", "expression": ""}, "Y": {"type": "expression", "expression": ""}, "Kind": {"type": "expression", "expression": ""}, "Value": {"type": "expression", "expression": ""}, "T": {"type": "expression", "expression": ""}, "IsSource": {"type": "expression", "expression": ""}, "VolumeWater": {"type": "expression", "expression": ""}, "IsOutlet": {"type": "expression", "expression": ""}}, "ports": [{"name": "inoutPort", "type": ["IN", "OUT"], "position": {"x": 0.5, "y": 0.5}}]}