{
    "properties": {
        "node_name": {
            "type": "expression",
            "expression": "let name = this.inPort1['node_name'];\nname",
            "status": "complete",
            "value": "",
            "input": {
                "component": "textarea"
            }
        },
        "type": {
            "type": "expression",
            "expression": "\"oil_pipe_indicator\"",
            "status": "complete",
            "value": "",
            "input": {
                "component": "textarea"
            }
        },
        "wc_text": {
            "type": "expression",
            "expression": "\nfunction formatParamToText(pVal){\n    let Pnum = Number(pVal).toFixed(1);\n    let Ptext = '<span style=\"color:\"><b>' + Pnum + '</b></span>';\n    return Ptext;\n}\nformatParamToText(this.inPort1[\"watercut_percent\"])\n",
            "status": "complete",
            "value": "",
            "input": {
                "component": "textarea"
            }
        },
        "flow_text": {
            "type": "expression",
            "expression": "function formatParamToText(pVal){\n    let Pnum = Number(pVal).toFixed(1);\n    let Ptext = '<span style=\"color:\"><b>' + Pnum + '</b></span>';\n    return Ptext;\n}\n\nlet x = this.inPort1['X_kg_sec'];\nlet rho = this.inPort1['liquid_density_kg_m3'];\nlet fl = x / rho * 86400;\nformatParamToText(fl)",
            "status": "complete",
            "value": "",
            "input": {
                "component": "textarea"
            }
        },
        "pump_power_text": {
            "type": "expression",
            "expression": "\nfunction formatParamToText(pVal){\n    let Pnum = Number(pVal).toFixed(1);\n    let Ptext = '<span style=\"color:\"><b>' + Pnum + '</b></span>';\n    return Ptext;\n}\nformatParamToText(this.inPort1[\"pump_power_watt\"])\n",
            "status": "complete",
            "value": "",
            "input": {
                "component": "textarea"
            }
        }
    },
    "initPorts": [
        {
            "primitiveName": "inPort1",
            "type": [
                "IN"
            ],
            "properties": {
                "status": {
                    "expression": "let portOwner = graph.ports.find(port => port.tag.primitiveID === primitiveID).owner;\nlet inEdges = graph.inEdgesAt(portOwner).filter(edge => edge.targetPort.tag.primitiveID === primitiveID).toArray()\nif (inEdges.length < 1) ''\nelse {\neval(inEdges[0].sourcePort.tag.primitiveID).status\n}",
                    "type": "expression",
                    "status": "complete",
                    "value": ""
                }
            },
            "primitiveID": "well_indicator3_2_inPort1",
            "location": {
                "x": 8635.010714285716,
                "y": 309.195
            }
        }
    ],
    "title": "pipe_indicator3",
    "extensionName": "ExtensionRiskPrimitives",
    "primitiveName": "TargetRichLabelNode1",
    "layout": {
        "x": 8546.948214285716,
        "y": 159,
        "height": 147.25,
        "width": 176.125
    },
    "isTemplate": true,
    "name": "TargetRichLabelNode1",
    "primitiveID": "well_indicator3_2",
    "nodeTitle": "<p>WC: $this.props.wc_text$ %</p><p>Flow: $this.props.flow_text$&nbsp;m3/24h</p>"
}