{
    "title": "eePad",
    "layout": {
        "heigth": 91,
        "width": 91
    },
    "image": "icon.svg",
    "properties": {
        "aliasName": {
            "expression": "",
            "type": "expression"
        },
        "description": {
            "expression": "",
            "type": "expression"
        },
        "normallylnService": {
            "expression": "",
            "type": "expression"
        },
        "model": {
            "expression": "",
            "type": "expression"
        },
        "Name": {
            "type": "expression",
            "expression": "",
            "status": "completed",
            "value": ""
        },
        "zagruzka": {
            "type": "expression",
            "expression": "",
            "status": "completed",
            "value": ""
        },
        "current": {
            "type": "expression",
            "expression": "",
            "status": "completed",
            "value": ""
        },
        "kV_in": {
            "type": "expression",
            "expression": "",
            "status": "completed",
            "value": ""
        },
        "kV_out": {
            "type": "expression",
            "expression": "",
            "status": "completed",
            "value": ""
        },
        "power": {
            "type": "expression",
            "expression": "",
            "status": "completed",
            "value": ""
        }
    },
    "ports": [
        {
            "name": "inPort1",
            "type": "IN",
            "position": {
                "x": 0.5,
                "y": 0.0
            }
        },
        {
            "name": "outPort2",
            "type": "OUT",
            "position": {
                "x": 0.5,
                "y": 1.0
            }
        }
    ]
}