{"title": "DataStore", "layout": {"heigth": 98, "width": 98}, "image": "icon.svg", "properties": {"type": {"type": "expression", "expression": "'Data Store'", "status": "new", "value": "Data Store", "input": {"component": "select", "type": "const", "values": ["Annotation", "Group", "Data Store", "Request Message", "Reply Message"]}}}, "ports": [{"name": "ioLeft", "type": ["IN", "OUT"], "position": {"x": 0.0, "y": 0.5}}, {"name": "ioRight", "type": ["IN", "OUT"], "position": {"x": 1.0, "y": 0.5}}, {"name": "ioTop", "type": ["IN", "OUT"], "position": {"x": 0.5, "y": 0.0}}, {"name": "ioLow", "type": ["IN", "OUT"], "position": {"x": 0.5, "y": 1.0}}]}