{
    "properties": {
        "node_name": {
            "type": "expression",
            "expression": "let name = this.inPort1['node_name'];\nname",
            "status": "complete",
            "value": " ",
            "input": {
                "component": "textarea"
            }
        },
        "P_text": {
            "type": "expression",
            "expression": "let P = this.inPort1['P'];\nlet Pnum = Number(P).toFixed(1);\nlet P_text = '<span style=\"color:\"><b>' + Pnum + \" atm\" + '</b></span>';\nP_text",
            "status": "complete",
            "value": " ",
            "input": {
                "component": "textarea"
            }
        },
        "flow_text": {
            "type": "expression",
            "expression": "let x = this.inPort1['X_kg_sec'];\nlet rho = this.inPort1['res_liquid_density_kg_m3'];\nlet fl = x / rho * 86400;\nlet fl_num = Number(fl).toFixed(1);\n\nlet fl_text = '<span style=\"color:\"><b>' + + fl_num + '</b></span>';\nfl_text",
            "status": "complete",
            "value": " ",
            "input": {
                "component": "textarea"
            }
        },
        "P_lim": {
            "type": "expression",
            "expression": "[0, 16]",
            "status": "complete",
            "value": " ",
            "input": {
                "component": "textarea"
            }
        },
        "type": {
            "type": "expression",
            "expression": "\"oil_well_indicator\"",
            "status": "complete",
            "value": "oil_well_indicator",
            "input": {
                "component": "textarea"
            }
        }
    },
    "initPorts": [
        {
            "primitiveName": "inPort1",
            "type": [
                "IN"
            ],
            "properties": {
                "status": {
                    "expression": "let portOwner = graph.ports.find(port => port.tag.primitiveID === primitiveID).owner;\nlet inEdges = graph.inEdgesAt(portOwner).filter(edge => edge.targetPort.tag.primitiveID === primitiveID).toArray()\nif (inEdges.length < 1) ''\nelse {\neval(inEdges[0].sourcePort.tag.primitiveID).status\n}",
                    "type": "expression",
                    "status": "complete",
                    "value": " "
                }
            },
            "primitiveID": "TargetRichLabelNode1_11_inPort1",
            "location": {
                "x": -547.9375,
                "y": -73.18
            }
        }
    ],
    "extensionName": "ExtensionRiskPrimitives",
    "primitiveName": "TargetRichLabelNode1",
    "primitiveID": "TargetRichLabelNode1_11",
    "nodeTitle": "<p>P: $this.props.P_text$ atm</p><p>Flow: $this.props.flow_text$ m3/24h</p><h4><br></h4><p><br></p>",
    "layout": {
        "x": -626.125,
        "y": -223.375,
        "height": 147.25,
        "width": 156.375
    }
}