{
    "primitiveName": "outPortIndication",
    "type": [
        "OUT"
    ],
    "properties": {
        "status": {
            "type": "expression",
            "expression": "let props_out = {\n    \"X_kg_sec\": this.X_kg_sec,\n    \"res_liquid_density_kg_m3\": this.res_liquid_density_kg_m3,\n    \"res_watercut_percent\": this.res_watercut_percent,\n    \"P\": this.P,\n    \"T\": this.T,\n    // \"VolumeWater\": this.VolumeWater,\n    \"node_name\": this.node_name,\n};\nprops_out",
            "input": {
                "component": "textarea"
            },
            "status": "new",
            "value": " "
        }
    },
    "primitiveID": "oil_pad_1_outPort8",
    "location": {
        "x": -1116.25,
        "y": -76.125
    }
}