{
    "title": "service-task",
    "layout": {
        "heigth": 98,
        "width": 98
    },
    "image": "icon.svg",
    "properties": {
        "task-type": {
            "expression": "",
            "type": "expression",
            "input": {
                "component": "select",
                "type": "const",
                "values": [
                    "Business Rule",
                    "Manual",
                    "Receive",
                    "Script",
                    "Send",
                    "Service",
                    "User",
                    "None"
                ]
            }
        },
        "ad hoc": {
            "expression": "",
            "type": "expression",
            "input": {
                "component": "switch"
            }
        },
        "compensation": {
            "expression": "",
            "type": "expression",
            "input": {
                "component": "switch"
            }
        },
        "iteration": {
            "expression": "",
            "type": "expression",
            "input": {
                "component": "select",
                "type": "const",
                "values": [
                    "None",
                    "Loop",
                    "Parallel",
                    "Sequential"
                ]
            }
        },
        "process state": {
            "expression": "",
            "type": "expression",
            "input": {
                "component": "select",
                "type": "const",
                "values": [
                    "None",
                    "Open",
                    "Closed"
                ]
            }
        }
    },
    "ports": [
        {
            "name": "ioLeft",
            "type": [
                "IN",
                "OUT"
            ],
            "position": {
                "x": 0.0,
                "y": 0.5
            }
        },
        {
            "name": "ioRight",
            "type": [
                "IN",
                "OUT"
            ],
            "position": {
                "x": 1.0,
                "y": 0.5
            }
        },
        {
            "name": "ioTop",
            "type": [
                "IN",
                "OUT"
            ],
            "position": {
                "x": 0.5,
                "y": 0.0
            }
        },
        {
            "name": "ioLow",
            "type": [
                "IN",
                "OUT"
            ],
            "position": {
                "x": 0.5,
                "y": 1.0
            }
        }
    ]
}