{
    "properties": {
        "Name": {
            "type": "expression",
            "expression": "",
            "status": "new",
            "value": ""
        },
        "Working_mode": {
            "type":"expression",
            "expression":"true",
            "status":"new",
            "value":"",
            "input":{"component":"switch"}
        },
        "Frequenzy1_low_hz": {
            'type': 'datasource', 
            'expression': {
                'type': 'OTL', 
                'tws': 1670708746, 
                'twf': 1670708746, 
                'cache_ttl': 60, 
                'original_otl': '|inputlookup pipe_calc_wells_opt_dns3_kprodfixed_kpump.csv  | where wellNum=509 | fields shtr_debit'
            }, 
            'status': 'new', 
            'value': "", 
            'input': {'component': 'textarea'}
        },
        "Frequenzy2_high_hz": {
            'type': 'datasource', 
            'expression': {
                'type': 'OTL', 
                'tws': 1670708746, 
                'twf': 1670708746, 
                'cache_ttl': 60, 
                'original_otl': '|inputlookup pipe_calc_wells_opt_dns3_kprodfixed_kpump.csv  | where wellNum=509 | fields shtr_debit'
            }, 
            'status': 'new', 
            'value': "", 
            'input': {'component': 'textarea'}
        },
        "Pressure_floor_treshold_bar": {
            'type': 'datasource', 
            'expression': {
                'type': 'OTL', 
                'tws': 1670708746, 
                'twf': 1670708746, 
                'cache_ttl': 60, 
                'original_otl': '|inputlookup pipe_calc_wells_opt_dns3_kprodfixed_kpump.csv  | where wellNum=509 | fields shtr_debit'
            }, 
            'status': 'new', 
            'value': "", 
            'input': {'component': 'textarea'}
        },
        "Pressure_ceil_treshold_bar": {
            'type': 'datasource', 
            'expression': {
                'type': 'OTL', 
                'tws': 1670708746, 
                'twf': 1670708746, 
                'cache_ttl': 60, 
                'original_otl': '|inputlookup pipe_calc_wells_opt_dns3_kprodfixed_kpump.csv  | where wellNum=509 | fields shtr_debit'
            }, 
            'status': 'new', 
            'value': "", 
            'input': {'component': 'textarea'}
        },
        "Period1_low_sec": {
            'type': 'datasource', 
            'expression': {
                'type': 'OTL', 
                'tws': 1670708746, 
                'twf': 1670708746, 
                'cache_ttl': 60, 
                'original_otl': '|inputlookup pipe_calc_wells_opt_dns3_kprodfixed_kpump.csv  | where wellNum=509 | fields shtr_debit'
            }, 
            'status': 'new', 
            'value': "", 
            'input': {'component': 'textarea'}
        },
        "Period2_high_sec": {
            'type': 'datasource', 
            'expression': {
                'type': 'OTL', 
                'tws': 1670708746, 
                'twf': 1670708746, 
                'cache_ttl': 60, 
                'original_otl': '|inputlookup pipe_calc_wells_opt_dns3_kprodfixed_kpump.csv  | where wellNum=509 | fields shtr_debit'
            }, 
            'status': 'new', 
            'value': "", 
            'input': {'component': 'textarea'}
        },
        "Plast_pressure_bar": {
            'type': 'datasource', 
            'expression': {
                'type': 'OTL', 
                'tws': 1670708746, 
                'twf': 1670708746, 
                'cache_ttl': 60, 
                'original_otl': '|inputlookup pipe_calc_wells_opt_dns3_kprodfixed_kpump.csv  | where wellNum=509 | fields shtr_debit'
            }, 
            'status': 'new', 
            'value': "", 
            'input': {'component': 'textarea'}
        },
        "Productivity_m3_day_atm": {
            'type': 'datasource', 
            'expression': {
                'type': 'OTL', 
                'tws': 1670708746, 
                'twf': 1670708746, 
                'cache_ttl': 60, 
                'original_otl': '|inputlookup pipe_calc_wells_opt_dns3_kprodfixed_kpump.csv  | where wellNum=509 | fields shtr_debit'
            }, 
            'status': 'new', 
            'value': "", 
            'input': {'component': 'textarea'}
        },
        "Watercut_percent": {
            'type': 'datasource', 
            'expression': {
                'type': 'OTL', 
                'tws': 1670708746, 
                'twf': 1670708746, 
                'cache_ttl': 60, 
                'original_otl': '|inputlookup pipe_calc_wells_opt_dns3_kprodfixed_kpump.csv  | where wellNum=509 | fields shtr_debit'
            }, 
            'status': 'new', 
            'value': "", 
            'input': {'component': 'textarea'}
        },
        "Plast_temperature_degree_celsius": {
            'type': 'datasource', 
            'expression': {
                'type': 'OTL', 
                'tws': 1670708746, 
                'twf': 1670708746, 
                'cache_ttl': 60, 
                'original_otl': '|inputlookup pipe_calc_wells_opt_dns3_kprodfixed_kpump.csv  | where wellNum=509 | fields shtr_debit'
            }, 
            'status': 'new', 
            'value': "", 
            'input': {'component': 'textarea'}
        },
        "Perforation_absolute_depth_m": {
            'type': 'datasource', 
            'expression': {
                'type': 'OTL', 
                'tws': 1670708746, 
                'twf': 1670708746, 
                'cache_ttl': 60, 
                'original_otl': '|inputlookup pipe_calc_wells_opt_dns3_kprodfixed_kpump.csv  | where wellNum=509 | fields shtr_debit'
            }, 
            'status': 'new', 
            'value': "", 
            'input': {'component': 'textarea'}
        },
        "Perforation_measured_depth_m": {
            'type': 'datasource', 
            'expression': {
                'type': 'OTL', 
                'tws': 1670708746, 
                'twf': 1670708746, 
                'cache_ttl': 60, 
                'original_otl': '|inputlookup pipe_calc_wells_opt_dns3_kprodfixed_kpump.csv  | where wellNum=509 | fields shtr_debit'
            }, 
            'status': 'new', 
            'value': "", 
            'input': {'component': 'textarea'}
        },
        "Column_inner_diameter_mm": {
            'type': 'datasource', 
            'expression': {
                'type': 'OTL', 
                'tws': 1670708746, 
                'twf': 1670708746, 
                'cache_ttl': 60, 
                'original_otl': '|inputlookup pipe_calc_wells_opt_dns3_kprodfixed_kpump.csv  | where wellNum=509 | fields shtr_debit'
            }, 
            'status': 'new', 
            'value': "", 
            'input': {'component': 'textarea'}
        },
        "ESP_intake_absolute_depth_m": {
            'type': 'datasource', 
            'expression': {
                'type': 'OTL', 
                'tws': 1670708746, 
                'twf': 1670708746, 
                'cache_ttl': 60, 
                'original_otl': '|inputlookup pipe_calc_wells_opt_dns3_kprodfixed_kpump.csv  | where wellNum=509 | fields shtr_debit'
            }, 
            'status': 'new', 
            'value': "", 
            'input': {'component': 'textarea'}
        },
        "ESP_intake_measured_depth_m": {
            'type': 'datasource', 
            'expression': {
                'type': 'OTL', 
                'tws': 1670708746, 
                'twf': 1670708746, 
                'cache_ttl': 60, 
                'original_otl': '|inputlookup pipe_calc_wells_opt_dns3_kprodfixed_kpump.csv  | where wellNum=509 | fields shtr_debit'
            }, 
            'status': 'new', 
            'value': "", 
            'input': {'component': 'textarea'}
        },
        "ESP_model": {
            'type': 'datasource', 
            'expression': {
                'type': 'OTL', 
                'tws': 1670708746, 
                'twf': 1670708746, 
                'cache_ttl': 60, 
                'original_otl': '|inputlookup pipe_calc_wells_opt_dns3_kprodfixed_kpump.csv  | where wellNum=509 | fields shtr_debit'
            }, 
            'status': 'new', 
            'value': "", 
            'input': {'component': 'textarea'}
        },
        "K_pump": {
            'type': 'datasource', 
            'expression': {
                'type': 'OTL', 
                'tws': 1670708746, 
                'twf': 1670708746, 
                'cache_ttl': 60, 
                'original_otl': '|inputlookup pipe_calc_wells_opt_dns3_kprodfixed_kpump.csv  | where wellNum=509 | fields shtr_debit'
            }, 
            'status': 'new', 
            'value': "", 
            'input': {'component': 'textarea'}
        },
        "ESP_outlet_absolute_depth_m": {
            'type': 'datasource', 
            'expression': {
                'type': 'OTL', 
                'tws': 1670708746, 
                'twf': 1670708746, 
                'cache_ttl': 60, 
                'original_otl': '|inputlookup pipe_calc_wells_opt_dns3_kprodfixed_kpump.csv  | where wellNum=509 | fields shtr_debit'
            }, 
            'status': 'new', 
            'value': "", 
            'input': {'component': 'textarea'}
        },
        "ESP_oulet_measured_depth_m": {
            'type': 'datasource', 
            'expression': {
                'type': 'OTL', 
                'tws': 1670708746, 
                'twf': 1670708746, 
                'cache_ttl': 60, 
                'original_otl': '|inputlookup pipe_calc_wells_opt_dns3_kprodfixed_kpump.csv  | where wellNum=509 | fields shtr_debit'
            }, 
            'status': 'new', 
            'value': "", 
            'input': {'component': 'textarea'}
        },
        "NKT_inner_diameter_mm": {
            'type': 'datasource', 
            'expression': {
                'type': 'OTL', 
                'tws': 1670708746, 
                'twf': 1670708746, 
                'cache_ttl': 60, 
                'original_otl': '|inputlookup pipe_calc_wells_opt_dns3_kprodfixed_kpump.csv  | where wellNum=509 | fields shtr_debit'
            }, 
            'status': 'new', 
            'value': "", 
            'input': {'component': 'textarea'}
        },
        "NKT_outer_diameter_mm": {
            'type': 'datasource', 
            'expression': {
                'type': 'OTL', 
                'tws': 1670708746, 
                'twf': 1670708746, 
                'cache_ttl': 60, 
                'original_otl': '|inputlookup pipe_calc_wells_opt_dns3_kprodfixed_kpump.csv  | where wellNum=509 | fields shtr_debit'
            }, 
            'status': 'new', 
            'value': "", 
            'input': {'component': 'textarea'}
        },
        "Coulmn_immer_diameter_mm": {
            'type': 'datasource', 
            'expression': {
                'type': 'OTL', 
                'tws': 1670708746, 
                'twf': 1670708746, 
                'cache_ttl': 60, 
                'original_otl': '|inputlookup pipe_calc_wells_opt_dns3_kprodfixed_kpump.csv  | where wellNum=509 | fields shtr_debit'
            }, 
            'status': 'new', 
            'value': "", 
            'input': {'component': 'textarea'}
        },
        "Wellhead_absolute_depth_m": {
            'type': 'datasource', 
            'expression': {
                'type': 'OTL', 
                'tws': 1670708746, 
                'twf': 1670708746, 
                'cache_ttl': 60, 
                'original_otl': '|inputlookup pipe_calc_wells_opt_dns3_kprodfixed_kpump.csv  | where wellNum=509 | fields shtr_debit'
            }, 
            'status': 'new', 
            'value': "", 
            'input': {'component': 'textarea'}
        },
        "Oil_density_kg_m3": {
            'type': 'datasource', 
            'expression': {
                'type': 'OTL', 
                'tws': 1670708746, 
                'twf': 1670708746, 
                'cache_ttl': 60, 
                'original_otl': '|inputlookup pipe_calc_wells_opt_dns3_kprodfixed_kpump.csv  | where wellNum=509 | fields shtr_debit'
            }, 
            'status': 'new', 
            'value': "", 
            'input': {'component': 'textarea'}
        },
        "Water_density_kg_m3": {
            'type': 'datasource', 
            'expression': {
                'type': 'OTL', 
                'tws': 1670708746, 
                'twf': 1670708746, 
                'cache_ttl': 60, 
                'original_otl': '|inputlookup pipe_calc_wells_opt_dns3_kprodfixed_kpump.csv  | where wellNum=509 | fields shtr_debit'
            }, 
            'status': 'new', 
            'value': "", 
            'input': {'component': 'textarea'}
        },
        "Gas_factor_m3_m3": {
            'type': 'datasource', 
            'expression': {
                'type': 'OTL', 
                'tws': 1670708746, 
                'twf': 1670708746, 
                'cache_ttl': 60, 
                'original_otl': '|inputlookup pipe_calc_wells_opt_dns3_kprodfixed_kpump.csv  | where wellNum=509 | fields shtr_debit'
            }, 
            'status': 'new', 
            'value': "", 
            'input': {'component': 'textarea'}
        },
        "Formation_pressure_bar": {
            'type': 'datasource', 
            'expression': {
                'type': 'OTL', 
                'tws': 1670708746, 
                'twf': 1670708746, 
                'cache_ttl': 60, 
                'original_otl': '|inputlookup pipe_calc_wells_opt_dns3_kprodfixed_kpump.csv  | where wellNum=509 | fields shtr_debit'
            }, 
            'status': 'new', 
            'value': "", 
            'input': {'component': 'textarea'}
        },
        "Wellhead_pressure_bar": {
            'type': 'datasource', 
            'expression': {
                'type': 'OTL', 
                'tws': 1670708746, 
                'twf': 1670708746, 
                'cache_ttl': 60, 
                'original_otl': '|inputlookup pipe_calc_wells_opt_dns3_kprodfixed_kpump.csv  | where wellNum=509 | fields shtr_debit'
            }, 
            'status': 'new', 
            'value': "", 
            'input': {'component': 'textarea'}
        },
        "Power_consumption_kWt": {
            'type': 'datasource', 
            'expression': {
                'type': 'OTL', 
                'tws': 1670708746, 
                'twf': 1670708746, 
                'cache_ttl': 60, 
                'original_otl': '|inputlookup pipe_calc_wells_opt_dns3_kprodfixed_kpump.csv  | where wellNum=509 | fields shtr_debit'
            }, 
            'status': 'new', 
            'value': "", 
            'input': {'component': 'textarea'}
        },
        "Efficiency_percent": {
            'type': 'datasource', 
            'expression': {
                'type': 'OTL', 
                'tws': 1670708746, 
                'twf': 1670708746, 
                'cache_ttl': 60, 
                'original_otl': '|inputlookup pipe_calc_wells_opt_dns3_kprodfixed_kpump.csv  | where wellNum=509 | fields shtr_debit'
            }, 
            'status': 'new', 
            'value': "", 
            'input': {'component': 'textarea'}
        },
        "Flow_m3_day": {
            'type': 'datasource', 
            'expression': {
                'type': 'OTL', 
                'tws': 1670708746, 
                'twf': 1670708746, 
                'cache_ttl': 60, 
                'original_otl': '|inputlookup pipe_calc_wells_opt_dns3_kprodfixed_kpump.csv  | where wellNum=509 | fields shtr_debit'
            }, 
            'status': 'new', 
            'value': "", 
            'input': {'component': 'textarea'}
        },
        "Pressure_on_perforation_bar": {
            'type': 'datasource', 
            'expression': {
                'type': 'OTL', 
                'tws': 1670708746, 
                'twf': 1670708746, 
                'cache_ttl': 60, 
                'original_otl': '|inputlookup pipe_calc_wells_opt_dns3_kprodfixed_kpump.csv  | where wellNum=509 | fields shtr_debit'
            }, 
            'status': 'new', 
            'value': "", 
            'input': {'component': 'textarea'}
        },
        "Pressure_on_pump_intake_bar": {
            'type': 'datasource', 
            'expression': {
                'type': 'OTL', 
                'tws': 1670708746, 
                'twf': 1670708746, 
                'cache_ttl': 60, 
                'original_otl': '|inputlookup pipe_calc_wells_opt_dns3_kprodfixed_kpump.csv  | where wellNum=509 | fields shtr_debit'
            }, 
            'status': 'new', 
            'value': "", 
            'input': {'component': 'textarea'}
        },
        "Pressure_on_pump_outlet_bar": {
            'type': 'datasource', 
            'expression': {
                'type': 'OTL', 
                'tws': 1670708746, 
                'twf': 1670708746, 
                'cache_ttl': 60, 
                'original_otl': '|inputlookup pipe_calc_wells_opt_dns3_kprodfixed_kpump.csv  | where wellNum=509 | fields shtr_debit'
            }, 
            'status': 'new', 
            'value': "", 
            'input': {'component': 'textarea'}
        },
        'info': {
            'type': 'datasource', 
            'expression': {
                'type': 'OTL', 
                'tws': 1670708746, 
                'twf': 1670708746, 
                'cache_ttl': 60, 
                'original_otl': '|inputlookup pipe_calc_wells_opt_dns3_kprodfixed_kpump.csv  | where wellNum=509 | fields shtr_debit'
            }, 
            'status': 'new', 
            'value': "", 
            'input': {'component': 'textarea'}
        }
    },
    "initPorts": [],
    "extensionName": "ExtensionRiskPrimitives",
    "primitiveName": "ControlledRichLabelNode01",
    "primitiveID": "ControlledRichLabelNode01_<",
    'nodeTitle': '<p><large style="font-size: 1.5em">Скважина $this.props.Name$</large></p><p><large style="font-size: 1.5em"></large></p>', 
    "layout": {
        "x": 208.75,
        "y": 449,
        "height": 148,
        "width": 294
    }
}