{
    "title": "noTitle",
    "layout": {
        "height": 147.25,
        "width": 80
    },
    "image": "icon.svg",
    "properties": {
        "State": {
            "type":"expression",
            "expression":"true",
            "status":"new",
            "value":"",
            "input":{"component":"switch"}
        },
        "Name": {
            "type": "expression",
            "expression": "",
            "status": "new",
            "value": ""
        },
        "X": {
            "type": "expression",
            "expression": "",
            "status": "new",
            "value": ""
        },
        "Y": {
            "type": "expression",
            "expression": "",
            "status": "new",
            "value": ""
        },
        "Flow_m3day": {
            "type": "expression",
            "expression": "",
            "status": "new",
            "value": ""
        },
        "Watercut_percent": {
            "type": "expression",
            "expression": "",
            "status": "new",
            "value": ""
        },
        "Oil_density_kg_m3": {
            "type": "expression",
            "expression": "",
            "status": "new",
            "value": ""
        },
        "Water_density_kg_m3": {
            "type": "expression",
            "expression": "",
            "status": "new",
            "value": ""
        },
        "Gas_factor_m3_m3": {
            "type": "expression",
            "expression": "",
            "status": "new",
            "value": ""
        },
        "Formation_pressure_bar": {
            "type": "expression",
            "expression": "",
            "status": "new",
            "value": ""
        },
        "Collector_pressure_bar_result": {
            "type": "expression",
            "expression": "",
            "status": "new",
            "value": ""
        },
        "Power_consumption_kwt_result": {
            "type": "expression",
            "expression": "",
            "status": "new",
            "value": ""
        },
        "Efficiency_percent_result": {
            "type": "expression",
            "expression": "",
            "status": "new",
            "value": ""
        },
        "Flow_m3day_result": {
            "type": "expression",
            "expression": "",
            "status": "new",
            "value": ""
        },
        "Watercut_percent_result": {
            "type": "expression",
            "expression": "",
            "status": "new",
            "value": ""
        }
    },
    "ports": [
        {
            "name": "ioTop",
            "type": [
                "IN",
                "OUT"
            ],
            "position": {
                "x": 0.5,
                "y": 0.0
            }
        },
        {
            "name": "ioLow",
            "type": [
                "IN",
                "OUT"
            ],
            "position": {
                "x": 0.5,
                "y": 1.0
            }
        }
    ]
}