{"title": "TextAnnotation", "layout": {"heigth": 100, "width": 100}, "image": "icon.svg", "properties": {"type": {"type": "expression", "expression": "'Annotation'", "status": "new", "value": "Annotation", "input": {"component": "select", "type": "const", "values": ["Annotation", "Group", "Data Store", "Request Message", "Reply Message"]}}}, "ports": [{"name": "ioLeft", "type": ["IN", "OUT"], "position": {"x": 0.0, "y": 0.5}}, {"name": "ioRight", "type": ["IN", "OUT"], "position": {"x": 1.0, "y": 0.5}}, {"name": "ioTop", "type": ["IN", "OUT"], "position": {"x": 0.5, "y": 0.0}}, {"name": "ioLow", "type": ["IN", "OUT"], "position": {"x": 0.5, "y": 1.0}}]}