{"title": "Заземляющий нож отключен", "layout": {"heigth": 91, "width": 91}, "image": "icon.svg", "properties": {"raw_CIM_props": {"expression": [{"@id": "#Switch.ccsCode", "@type": "rdfs:Property", "domain": "#PowerSystemResource", "label": {"@language": "ru", "@value": "кодKKS"}, "range": "#String"}, {"@id": "#Switch.iTh", "@type": "rdfs:Property", "domain": "#ConductingEquipment", "label": {"@language": "ru", "@value": "iTh"}, "range": "#CurrentFlow"}, {"@id": "#Switch.ipMax", "@type": "rdfs:Property", "domain": "#ConductingEquipment", "label": {"@language": "ru", "@value": "ipMax"}, "range": "#CurrentFlow"}, {"@id": "#Switch.mRID", "@type": "rdfs:Property", "domain": "#IdentifiedObject", "label": {"@language": "ru", "@value": "MRID"}, "range": "#String"}, {"@id": "#Switch.name", "@type": "rdfs:Property", "domain": "#IdentifiedObject", "label": {"@language": "ru", "@value": "Название"}, "range": "#String"}, {"@id": "#Switch.nameplate", "@type": "rdfs:Property", "domain": "#Equipment", "label": {"@language": "ru", "@value": "Марка изготовителя"}, "range": "#String"}, {"@id": "#Switch.normalOpen", "@type": "rdfs:Property", "domain": "#Switch", "label": {"@language": "ru", "@value": "нормальноОткл"}, "range": "#Boolean"}, {"@id": "#Switch.normallyInService", "@type": "rdfs:Property", "domain": "#Equipment", "label": {"@language": "ru", "@value": "Нормально в работе"}, "range": "#Boolean"}, {"@id": "#Switch.ratedCurrent", "@type": "rdfs:Property", "domain": "#Switch", "label": {"@language": "ru", "@value": "номТок"}, "range": "#CurrentFlow"}, {"@id": "#Switch.retained", "@type": "rdfs:Property", "domain": "#Switch", "label": {"@language": "ru", "@value": "ветвь"}, "range": "#Boolean"}, {"@id": "#Switch.tTh", "@type": "rdfs:Property", "domain": "#ConductingEquipment", "label": {"@language": "ru", "@value": "tTh"}, "range": "#Seconds"}], "type": "expression"}}, "ports": [{"name": "ioPortLow", "type": ["IN", "OUT"], "position": {"x": 0.5, "y": 1.0}}, {"name": "ioPortTop", "type": ["IN", "OUT"], "position": {"x": 0.5, "y": 0.0}}]}