{"title": "Автоматический выключатель включен", "layout": {"heigth": 91, "width": 91}, "image": "icon.svg", "properties": {"name": {"expression": "Наименование объекта информационной модели", "type": "expression"}, "aliasName": {"expression": "Дополнительное наименование идентифицируемого объекта", "type": "expression"}, "description": {"expression": "Описание объекта информационной модели", "type": "expression"}, "normallylnService": {"expression": "Нормальное состояние оборудования - в работе (если присвоено значение \"Истина\")", "type": "expression"}, "isThreePhase\nEquipment": {"expression": "Трехфазное исполнение оборудования (если присвоено значение \"Истина\")", "type": "expression"}, "rf:differencelnTransit Time": {"expression": "Разновременность замыкания контактов полюсов выключателя (только для выключателей с типом привода \"пофазный\"), с", "type": "expression"}, "ratedCurrent": {"expression": "Номинальный ток, А", "type": "expression"}, "normalOpen": {"expression": "Если присвоено значение \"Истина\", нормальное состояние \"Отключено\"", "type": "expression"}, "breakingCapacity": {"expression": "Номинальный ток отключения выключателя, А", "type": "expression"}, "inTransitTime": {"expression": "Время включения выключателя, с", "type": "expression"}, "raw_CIM_props": {"expression": [{"@id": "#Breaker.breakingCapacity", "@type": "rdfs:Property", "domain": "#ProtectedSwitch", "label": {"@language": "ru", "@value": "отключСпособность"}, "range": "#CurrentFlow"}, {"@id": "#Breaker.breakingTime", "@type": "rdfs:Property", "domain": "#ProtectedSwitch", "label": {"@language": "ru", "@value": "времяОткл"}, "range": "#Seconds"}, {"@id": "#Breaker.ccsCode", "@type": "rdfs:Property", "domain": "#PowerSystemResource", "label": {"@language": "ru", "@value": "кодKKS"}, "range": "#String"}, {"@id": "#Breaker.iTh", "@type": "rdfs:Property", "domain": "#ConductingEquipment", "label": {"@language": "ru", "@value": "iTh"}, "range": "#CurrentFlow"}, {"@id": "#Breaker.ipMax", "@type": "rdfs:Property", "domain": "#ConductingEquipment", "label": {"@language": "ru", "@value": "ipMax"}, "range": "#CurrentFlow"}, {"@id": "#Breaker.mRID", "@type": "rdfs:Property", "domain": "#IdentifiedObject", "label": {"@language": "ru", "@value": "MRID"}, "range": "#String"}, {"@id": "#Breaker.name", "@type": "rdfs:Property", "domain": "#IdentifiedObject", "label": {"@language": "ru", "@value": "Название"}, "range": "#String"}, {"@id": "#Breaker.nameplate", "@type": "rdfs:Property", "domain": "#Equipment", "label": {"@language": "ru", "@value": "Марка изготовителя"}, "range": "#String"}, {"@id": "#Breaker.normalOpen", "@type": "rdfs:Property", "domain": "#Switch", "label": {"@language": "ru", "@value": "нормальноОткл"}, "range": "#Boolean"}, {"@id": "#Breaker.normallyInService", "@type": "rdfs:Property", "domain": "#Equipment", "label": {"@language": "ru", "@value": "Нормально в работе"}, "range": "#Boolean"}, {"@id": "#Breaker.ratedCurrent", "@type": "rdfs:Property", "domain": "#Switch", "label": {"@language": "ru", "@value": "номТок"}, "range": "#CurrentFlow"}, {"@id": "#Breaker.retained", "@type": "rdfs:Property", "domain": "#Switch", "label": {"@language": "ru", "@value": "ветвь"}, "range": "#Boolean"}, {"@id": "#Breaker.tTh", "@type": "rdfs:Property", "domain": "#ConductingEquipment", "label": {"@language": "ru", "@value": "tTh"}, "range": "#Seconds"}], "type": "expression"}}, "ports": [{"name": "ioPortLow", "type": ["IN", "OUT"], "position": {"x": 0.5, "y": 1.0}}, {"name": "ioPortTop", "type": ["IN", "OUT"], "position": {"x": 0.5, "y": 0.0}}]}