{
    "properties": {
        "State": {
            "type":"expression",
            "expression":"true",
            "status":"new",
            "value":"",
            "input":{"component":"switch"}
        },
        "Name": {
            "type": "expression",
            "expression": "",
            "status": "new",
            "value": ""
        },
        "X": {
            "type": "expression",
            "expression": "",
            "status": "new",
            "value": ""
        },
        "Y": {
            "type": "expression",
            "expression": "",
            "status": "new",
            "value": ""
        },
        "Flow_m3day": {
            'type': 'datasource', 
            'expression': {
                'type': 'OTL', 
                'tws': 1670708746, 
                'twf': 1670708746, 
                'cache_ttl': 5, 
                'original_otl': '| inputlookup pipe_calc_wells_opt_dns3_kprodfixed_kpump.csv| where padNum=88| stats sum(shtr_debit)'
            }, 
            'status': 'new', 
            'value': "", 
            'input': {'component': 'textarea'}
        },
        "Watercut_percent": {
            'type': 'datasource', 
            'expression': {
                'type': 'OTL', 
                'tws': 1670708746, 
                'twf': 1670708746, 
                'cache_ttl': 5, 
                'original_otl': '| inputlookup pipe_calc_wells_opt_dns3_kprodfixed_kpump.csv| where padNum=88| eval avg_water=VolumeWater*shtr_debit/100| table avg_water| stats avg(avg_water)| eval avg_water=VolumeWater/shtr_debit*100'
            }, 
            'status': 'new', 
            'value': "", 
            'input': {'component': 'textarea'}
        },
        "Oil_density_kg_m3": {
            'type': 'datasource', 
            'expression': {
                'type': 'OTL', 
                'tws': 1670708746, 
                'twf': 1670708746, 
                'cache_ttl': 5, 
                'original_otl': '|inputlookup pipe_calc_wells_opt_dns3_kprodfixed_kpump.csv  | where wellNum=509 | fields shtr_debit'
            }, 
            'status': 'new', 
            'value': "", 
            'input': {'component': 'textarea'}
        },
        "Water_density_kg_m3": {
            'type': 'datasource', 
            'expression': {
                'type': 'OTL', 
                'tws': 1670708746, 
                'twf': 1670708746, 
                'cache_ttl': 5, 
                'original_otl': '|inputlookup pipe_calc_wells_opt_dns3_kprodfixed_kpump.csv  | where wellNum=509 | fields shtr_debit'
            }, 
            'status': 'new', 
            'value': "", 
            'input': {'component': 'textarea'}
        },
        "Gas_factor_m3_m3": {
            'type': 'datasource', 
            'expression': {
                'type': 'OTL', 
                'tws': 1670708746, 
                'twf': 1670708746, 
                'cache_ttl': 5, 
                'original_otl': '|inputlookup pipe_calc_wells_opt_dns3_kprodfixed_kpump.csv  | where wellNum=509 | fields shtr_debit'
            }, 
            'status': 'new', 
            'value': "", 
            'input': {'component': 'textarea'}
        },
        "Formation_pressure_bar": {
            'type': 'datasource', 
            'expression': {
                'type': 'OTL', 
                'tws': 1670708746, 
                'twf': 1670708746, 
                'cache_ttl': 5, 
                'original_otl': '|inputlookup pipe_calc_wells_opt_dns3_kprodfixed_kpump.csv  | where wellNum=509 | fields shtr_debit'
            }, 
            'status': 'new', 
            'value': "", 
            'input': {'component': 'textarea'}
        },
        "Collector_pressure_bar_result": {
            'type': 'datasource', 
            'expression': {
                'type': 'OTL', 
                'tws': 1670708746, 
                'twf': 1670708746, 
                'cache_ttl': 5, 
                'original_otl': '|inputlookup pipe_calc_wells_opt_dns3_kprodfixed_kpump.csv  | where wellNum=509 | fields shtr_debit'
            }, 
            'status': 'new', 
            'value': "", 
            'input': {'component': 'textarea'}
        },
        "Power_consumption_kwt_result": {
            'type': 'datasource', 
            'expression': {
                'type': 'OTL', 
                'tws': 1670708746, 
                'twf': 1670708746, 
                'cache_ttl': 5, 
                'original_otl': '|inputlookup pipe_calc_wells_opt_dns3_kprodfixed_kpump.csv  | where wellNum=509 | fields shtr_debit'
            }, 
            'status': 'new', 
            'value': "", 
            'input': {'component': 'textarea'}
        },
        "Efficiency_percent_result": {
            'type': 'datasource', 
            'expression': {
                'type': 'OTL', 
                'tws': 1670708746, 
                'twf': 1670708746, 
                'cache_ttl': 5, 
                'original_otl': '|inputlookup pipe_calc_wells_opt_dns3_kprodfixed_kpump.csv  | where wellNum=509 | fields shtr_debit'
            }, 
            'status': 'new', 
            'value': "", 
            'input': {'component': 'textarea'}
        },
        "Flow_m3day_result": {
            'type': 'datasource', 
            'expression': {
                'type': 'OTL', 
                'tws': 1670708746, 
                'twf': 1670708746, 
                'cache_ttl': 5, 
                'original_otl': '|inputlookup pipe_calc_wells_opt_dns3_kprodfixed_kpump.csv  | where wellNum=509 | fields shtr_debit'
            }, 
            'status': 'new', 
            'value': "", 
            'input': {'component': 'textarea'}
        },
        "Watercut_percent_result": {
            'type': 'datasource', 
            'expression': {
                'type': 'OTL', 
                'tws': 1670708746, 
                'twf': 1670708746, 
                'cache_ttl': 5, 
                'original_otl': '|inputlookup pipe_calc_wells_opt_dns3_kprodfixed_kpump.csv  | where wellNum=509 | fields shtr_debit'
            }, 
            'status': 'new', 
            'value': "", 
            'input': {'component': 'textarea'}
        }
    },
    "initPorts": [],
    "extensionName": "ExtensionRiskPrimitives",
    "primitiveName": "UncontrolledRichLabelNode31",
    "primitiveID": "UncontrolledRichLabelNode31_1471",
    'nodeTitle': '<p><large style="font-size: 1.5em">Куст $this.props.Name$</large></p><p><large style="font-size: 1.5em"></large></p>', 
    "layout": {
        "x": 208.75,
        "y": 207,
        "height": 148,
        "width": 294
    }
}