{
    "title": "noTitle",
    "layout": {
        "height": 147.25,
        "width": 148.75
    },
    "image": "icon.svg",
    "properties": {
        "Name": {
            "type": "expression",
            "expression": "",
            "status": "new",
            "value": ""
        },
        "Working_mode": {
            "type":"expression",
            "expression":"true",
            "status":"new",
            "value":"",
            "input":{"component":"switch"}
        },
        "Frequenzy1_low_hz": {
            "type": "expression",
            "expression": "",
            "status": "new",
            "value": ""
        },
        "Frequenzy2_high_hz": {
            "type": "expression",
            "expression": "",
            "status": "new",
            "value": ""
        },
        "Pressure_floor_treshold_bar": {
            "type": "expression",
            "expression": "",
            "status": "new",
            "value": ""
        },
        "Pressure_ceil_treshold_bar": {
            "type": "expression",
            "expression": "",
            "status": "new",
            "value": ""
        },
        "Period1_low_sec": {
            "type": "expression",
            "expression": "",
            "status": "new",
            "value": ""
        },
        "Period2_high_sec": {
            "type": "expression",
            "expression": "",
            "status": "new",
            "value": ""
        },
        "Plast_pressure_bar": {
            "type": "expression",
            "expression": "",
            "status": "new",
            "value": ""
        },
        "Productivity_m3_day_atm": {
            "type": "expression",
            "expression": "",
            "status": "new",
            "value": ""
        },
        "Watercut_percent": {
            "type": "expression",
            "expression": "",
            "status": "new",
            "value": ""
        },
        "Plast_temperature_degree_celsius": {
            "type": "expression",
            "expression": "",
            "status": "new",
            "value": ""
        },
        "Perforation_absolute_depth_m": {
            "type": "expression",
            "expression": "",
            "status": "new",
            "value": ""
        },
        "Perforation_measured_depth_m": {
            "type": "expression",
            "expression": "",
            "status": "new",
            "value": ""
        },
        "Column_inner_diameter_mm": {
            "type": "expression",
            "expression": "",
            "status": "new",
            "value": ""
        },
        "ESP_intake_absolute_depth_m": {
            "type": "expression",
            "expression": "",
            "status": "new",
            "value": ""
        },
        "ESP_intake_measured_depth_m": {
            "type": "expression",
            "expression": "",
            "status": "new",
            "value": ""
        },
        "ESP_model": {
            "type": "expression",
            "expression": "",
            "status": "new",
            "value": ""
        },
        "K_pump": {
            "type": "expression",
            "expression": "",
            "status": "new",
            "value": ""
        },
        "ESP_outlet_absolute_depth_m": {
            "type": "expression",
            "expression": "",
            "status": "new",
            "value": ""
        },
        "ESP_oulet_measured_depth_m": {
            "type": "expression",
            "expression": "",
            "status": "new",
            "value": ""
        },
        "NKT_inner_diameter_mm": {
            "type": "expression",
            "expression": "",
            "status": "new",
            "value": ""
        },
        "NKT_outer_diameter_mm": {
            "type": "expression",
            "expression": "",
            "status": "new",
            "value": ""
        },
        "Coulmn_immer_diameter_mm": {
            "type": "expression",
            "expression": "",
            "status": "new",
            "value": ""
        },
        "Wellhead_absolute_depth_m": {
            "type": "expression",
            "expression": "",
            "status": "new",
            "value": ""
        },
        "Oil_density_kg_m3": {
            "type": "expression",
            "expression": "",
            "status": "new",
            "value": ""
        },
        "Water_density_kg_m3": {
            "type": "expression",
            "expression": "",
            "status": "new",
            "value": ""
        },
        "Gas_factor_m3_m3": {
            "type": "expression",
            "expression": "",
            "status": "new",
            "value": ""
        },
        "Formation_pressure_bar": {
            "type": "expression",
            "expression": "",
            "status": "new",
            "value": ""
        },
        "Wellhead_pressure_bar": {
            "type": "expression",
            "expression": "",
            "status": "new",
            "value": ""
        },
        "Power_consumption_kWt": {
            "type": "expression",
            "expression": "",
            "status": "new",
            "value": ""
        },
        "Efficiency_percent": {
            "type": "expression",
            "expression": "",
            "status": "new",
            "value": ""
        },
        "Flow_m3_day": {
            "type": "expression",
            "expression": "",
            "status": "new",
            "value": ""
        },
        "Pressure_on_perforation_bar": {
            "type": "expression",
            "expression": "",
            "status": "new",
            "value": ""
        },
        "Pressure_on_pump_intake_bar": {
            "type": "expression",
            "expression": "",
            "status": "new",
            "value": ""
        },
        "Pressure_on_pump_outlet_bar": {
            "type": "expression",
            "expression": "",
            "status": "new",
            "value": ""
        },
        "info": {
            "type": "expression",
            "expression": "",
            "status": "new",
            "value": ""
        }
    },
    "ports": [
        {
            "name": "ioTop",
            "type": [
                "IN",
                "OUT"
            ],
            "position": {
                "x": 0.5,
                "y": 0.0
            }
        },
        {
            "name": "ioLow",
            "type": [
                "IN",
                "OUT"
            ],
            "position": {
                "x": 0.5,
                "y": 1.0
            }
        }
    ]
}