{
    "primitiveID": "oil_pad_412",
    "primitiveName": "oil_pad",
    "properties": {
        "node_id": {
            "type": "expression",
            "expression": "\"1751054627\"",
            "status": "complete",
            "value": "1751054627"
        },
        "P": {
            "type": "expression",
            "expression": "this.query_res[0].startP",
            "status": "complete",
            "value": 8.684843677316403,
            "input": {
                "component": "textarea"
            }
        },
        "T": {
            "type": "expression",
            "expression": "this.query_res[0].startT",
            "status": "complete",
            "value": 20,
            "input": {
                "component": "textarea"
            }
        },
        "Q_m3_day": {
            "type": "expression",
            "expression": "this.otl_q_m3[0].e_m3_res",
            "status": "complete",
            "value": 527.6266297082856,
            "input": {
                "component": "textarea"
            }
        },
        "otl_q_m3": {
            "type": "datasource",
            "expression": {
                "type": "OTL",
                "tws": 1674151083,
                "twf": 1674151083,
                "cache_ttl": 60,
                "original_otl": "| inputlookup demo_3_corr_ids_dns3_all_wells_Q_fixed.csv\\n| fields node_id_start, node_name_start, res_liquid_density_kg_m3, X_kg_sec\\n| where node_id_start=1750048880\\n| eval e_m3_res = (X_kg_sec / res_liquid_density_kg_m3) * 86400"
            },
            "status": "complete",
            "value": "",
            "input": {
                "component": "textarea"
            }
        },
        "query_res": {
            "type": "datasource",
            "expression": {
                "type": "OTL",
                "tws": 1674155351,
                "twf": 1674155351,
                "cache_ttl": 60,
                "original_otl": "| inputlookup demo_3_corr_ids_dns3_all_wells_Q_fixed.csv\n| fields node_id_start, startP, startT\n| where node_id_start = 1751054627"
            },
            "status": "complete",
            "value": "",
            "input": {
                "component": "textarea"
            }
        }
    },
    "nodeTitle": "Куст $this.props.Name$",
    "image": "/rawPrimitives/oil_pad/icon.svg",
    "initPorts": [
        {
            "primitiveID": "oil_pad_412_outPort1",
            "primitiveName": "outPort1",
            "isAddedManually": "true",
            "portLocation": "right",
            "type": [
                "OUT"
            ],
            "properties": {
                "status": {
                    "type": "expression",
                    "expression": "let res_props_ = {\n    \"P\": this.P,\n    \"T\": this.T,\n    \"Q_m3_day\": this.Q_m3_day\n};\nres_props_",
                    "input": {
                        "component": "textarea"
                    },
                    "status": "complete",
                    "value": ""
                }
            },
            "initPosition": {
                "x": 1,
                "y": 0.5
            },
            "location": {
                "x": 6562.899999999965,
                "y": -7104.785000000149
            }
        },
        {
            "primitiveName": "inPort2",
            "type": [
                "IN"
            ],
            "properties": {
                "status": {
                    "expression": "let portOwner = graph.ports.find(port => port.tag.primitiveID === primitiveID).owner;\nlet inEdges = graph.inEdgesAt(portOwner).filter(edge => edge.targetPort.tag.primitiveID === primitiveID).toArray()\nif (inEdges.length < 1) ''\nelse {\neval(inEdges[0].sourcePort.tag.primitiveID).status\n}",
                    "type": "expression",
                    "status": "complete",
                    "value": ""
                }
            },
            "primitiveID": "oil_pad_412_inPort2",
            "location": {
                "x": 6637.274999999965,
                "y": -6957.535000000149
            }
        },
        {
            "primitiveName": "inPort3",
            "type": [
                "IN"
            ],
            "properties": {
                "status": {
                    "expression": "let portOwner = graph.ports.find(port => port.tag.primitiveID === primitiveID).owner;\nlet inEdges = graph.inEdgesAt(portOwner).filter(edge => edge.targetPort.tag.primitiveID === primitiveID).toArray()\nif (inEdges.length < 1) ''\nelse {\neval(inEdges[0].sourcePort.tag.primitiveID).status\n}",
                    "type": "expression",
                    "status": "complete",
                    "value": ""
                }
            },
            "primitiveID": "oil_pad_412_inPort3",
            "location": {
                "x": 6637.274999999965,
                "y": -6957.535000000149
            }
        },
        {
            "primitiveName": "inPort4",
            "type": [
                "IN"
            ],
            "properties": {
                "status": {
                    "expression": "let portOwner = graph.ports.find(port => port.tag.primitiveID === primitiveID).owner;\nlet inEdges = graph.inEdgesAt(portOwner).filter(edge => edge.targetPort.tag.primitiveID === primitiveID).toArray()\nif (inEdges.length < 1) ''\nelse {\neval(inEdges[0].sourcePort.tag.primitiveID).status\n}",
                    "type": "expression",
                    "status": "complete",
                    "value": ""
                }
            },
            "primitiveID": "oil_pad_412_inPort4",
            "location": {
                "x": 6637.274999999965,
                "y": -6957.535000000149
            }
        },
        {
            "primitiveName": "inPort5",
            "type": [
                "IN"
            ],
            "properties": {
                "status": {
                    "expression": "let portOwner = graph.ports.find(port => port.tag.primitiveID === primitiveID).owner;\nlet inEdges = graph.inEdgesAt(portOwner).filter(edge => edge.targetPort.tag.primitiveID === primitiveID).toArray()\nif (inEdges.length < 1) ''\nelse {\neval(inEdges[0].sourcePort.tag.primitiveID).status\n}",
                    "type": "expression",
                    "status": "complete",
                    "value": ""
                }
            },
            "primitiveID": "oil_pad_412_inPort5",
            "location": {
                "x": 6637.274999999965,
                "y": -6957.535000000149
            }
        },
        {
            "primitiveName": "inPort6",
            "type": [
                "IN"
            ],
            "properties": {
                "status": {
                    "expression": "let portOwner = graph.ports.find(port => port.tag.primitiveID === primitiveID).owner;\nlet inEdges = graph.inEdgesAt(portOwner).filter(edge => edge.targetPort.tag.primitiveID === primitiveID).toArray()\nif (inEdges.length < 1) ''\nelse {\neval(inEdges[0].sourcePort.tag.primitiveID).status\n}",
                    "type": "expression",
                    "status": "complete",
                    "value": ""
                }
            },
            "primitiveID": "oil_pad_412_inPort6",
            "location": {
                "x": 6637.274999999965,
                "y": -6957.535000000149
            }
        },
        {
            "primitiveName": "inPort7",
            "type": [
                "IN"
            ],
            "properties": {
                "status": {
                    "expression": "let portOwner = graph.ports.find(port => port.tag.primitiveID === primitiveID).owner;\nlet inEdges = graph.inEdgesAt(portOwner).filter(edge => edge.targetPort.tag.primitiveID === primitiveID).toArray()\nif (inEdges.length < 1) ''\nelse {\neval(inEdges[0].sourcePort.tag.primitiveID).status\n}",
                    "type": "expression",
                    "status": "complete",
                    "value": ""
                }
            },
            "primitiveID": "oil_pad_412_inPort7",
            "location": {
                "x": 6637.274999999965,
                "y": -6957.535000000149
            }
        },
        {
            "primitiveName": "outPort8",
            "type": [
                "OUT"
            ],
            "properties": {
                "status": {
                    "expression": "",
                    "type": "expression",
                    "status": "complete",
                    "value": ""
                }
            },
            "primitiveID": "oil_pad_412_outPort8",
            "location": {
                "x": 6637.274999999965,
                "y": -7104.785000000149
            }
        }
    ],
    "layout": {
        "x": 6562.899999999965,
        "y": -7104.785000000149,
        "height": 147.25,
        "width": 148.75
    }
},