{"title": "Соединение gas", "layout": {"heigth": 46, "width": 46}, "image": "icon.svg", "properties": {"object_type": {"type": "expression", "expression": null}, "P": {"type": "expression", "expression": null}, "T": {"type": "expression", "expression": null}, "Q_m3_day": {"type": "expression", "expression": null}, "query_res": {"type": "datasource", "expression": null}, "Name": {"type": "expression", "expression": null}, "node_name": {"type": "expression", "expression": null}, "node_id": {"type": "expression", "expression": null}, "X": {"type": "expression", "expression": null}, "Y": {"type": "expression", "expression": null}, "Kind": {"type": "expression", "expression": null}, "Value": {"type": "expression", "expression": null}, "IsOutlet": {"type": "expression", "expression": null}, "VolumeWater": {"type": "expression", "expression": null}, "res_start_info": {"type": "datasource", "expression": null}, "res_vals": {"type": "expression", "expression": null}}, "ports": [{"name": "inoutPort", "type": ["IN", "OUT"], "position": {"x": 0.5, "y": 0.5}}]}