{
    'properties': {
        "Name": {
            "type": "expression",
            "expression": "",
            "status": "new",
            "value": ""
        },
        "State": {
            "type":"expression",
            "expression":"true",
            "status":"new",
            "value":"",
            "input":{"component":"switch"}
        },
        "Looping_inner_diameter_mm": {
            'type': 'datasource', 
            'expression': {
                'type': 'OTL', 
                'tws': 1670708746, 
                'twf': 1670708746, 
                'cache_ttl': 60, 
                'original_otl': '|inputlookup pipe_calc_wells_opt_dns3_kprodfixed_kpump.csv  | where wellNum=509 | fields shtr_debit'
            }, 
            'status': 'new', 
            'value': "", 
            'input': {'component': 'textarea'}
        },
        "Xs": {
            "type": "expression",
            "expression": "",
            "status": "new",
            "value": ""
        },
        "Ys": {
            "type": "expression",
            "expression": "",
            "status": "new",
            "value": ""
        },
        "Heights_m": {
            'type': 'datasource', 
            'expression': {
                'type': 'OTL', 
                'tws': 1670708746, 
                'twf': 1670708746, 
                'cache_ttl': 60, 
                'original_otl': '|inputlookup pipe_calc_wells_opt_dns3_kprodfixed_kpump.csv  | where wellNum=509 | fields shtr_debit'
            }, 
            'status': 'new', 
            'value': "", 
            'input': {'component': 'textarea'}
        },
        "Inner_diameter_mm": {
            'type': 'datasource', 
            'expression': {
                'type': 'OTL', 
                'tws': 1670708746, 
                'twf': 1670708746, 
                'cache_ttl': 60, 
                'original_otl': '|inputlookup pipe_calc_wells_opt_dns3_kprodfixed_kpump.csv  | where wellNum=509 | fields shtr_debit'
            }, 
            'status': 'new', 
            'value': "", 
            'input': {'component': 'textarea'}
        },
        "Length_m": {
            'type': 'datasource', 
            'expression': {
                'type': 'OTL', 
                'tws': 1670708746, 
                'twf': 1670708746, 
                'cache_ttl': 60, 
                'original_otl': '|inputlookup pipe_calc_wells_opt_dns3_kprodfixed_kpump.csv  | where wellNum=509 | fields shtr_debit'
            }, 
            'status': 'new', 
            'value': "", 
            'input': {'component': 'textarea'}
        },
        "Watercut_percent": {
            'type': 'datasource', 
            'expression': {
                'type': 'OTL', 
                'tws': 1670708746, 
                'twf': 1670708746, 
                'cache_ttl': 60, 
                'original_otl': '|inputlookup pipe_calc_wells_opt_dns3_kprodfixed_kpump.csv  | where wellNum=509 | fields shtr_debit'
            }, 
            'status': 'new', 
            'value': "", 
            'input': {'component': 'textarea'}
        },
        "Liquid_flow_m3_day": {
            'type': 'datasource', 
            'expression': {
                'type': 'OTL', 
                'tws': 1670708746, 
                'twf': 1670708746, 
                'cache_ttl': 60, 
                'original_otl': '|inputlookup pipe_calc_wells_opt_dns3_kprodfixed_kpump.csv  | where wellNum=509 | fields shtr_debit'
            }, 
            'status': 'new', 
            'value': "", 
            'input': {'component': 'textarea'}
        },
        "Free_gas_flow_m3_day": {
            'type': 'datasource', 
            'expression': {
                'type': 'OTL', 
                'tws': 1670708746, 
                'twf': 1670708746, 
                'cache_ttl': 60, 
                'original_otl': '|inputlookup pipe_calc_wells_opt_dns3_kprodfixed_kpump.csv  | where wellNum=509 | fields shtr_debit'
            }, 
            'status': 'new', 
            'value': "", 
            'input': {'component': 'textarea'}
        },
        "Pressures_bar": {
            'type': 'datasource', 
            'expression': {
                'type': 'OTL', 
                'tws': 1670708746, 
                'twf': 1670708746, 
                'cache_ttl': 60, 
                'original_otl': '|inputlookup pipe_calc_wells_opt_dns3_kprodfixed_kpump.csv  | where wellNum=509 | fields shtr_debit'
            }, 
            'status': 'new', 
            'value': "", 
            'input': {'component': 'textarea'}
        }
    }, 
    'df_node_id': None,
    'initPorts': [], 
    'extensionName': 'ExtensionRiskPrimitives', 
    'primitiveName': 'StepRichLabelNode22', 
    'primitiveID': 'StepRichLabelNode22_737', 
    'nodeTitle': '<p><large style="font-size: 1.5em">Труба: $this.props.Name$</large></p><p><large style="font-size: 1.5em"></large></p>', 
    'layout': {
        'x': 377.375, 
        'y': -500, 
        'height': 148, 
        'width': 294
    }
}