{
    "title": "noTitle",
    "layout": {
        "height": 80,
        "width": 80
    },
    "image": "icon.svg",
    "properties": {
        "Name": {
            "type": "expression",
            "expression": "",
            "status": "new",
            "value": ""
        },
        "State": {
            "type":"expression",
            "expression":"true",
            "status":"new",
            "value":"",
            "input":{"component":"switch"}
        },
        "Looping_inner_diameter_mm": {
            "type": "expression",
            "expression": "",
            "status": "new",
            "value": ""
        },
        "Xs": {
            "type": "expression",
            "expression": "",
            "status": "new",
            "value": ""
        },
        "Ys": {
            "type": "expression",
            "expression": "",
            "status": "new",
            "value": ""
        },
        "Heights_m": {
            "type": "expression",
            "expression": "",
            "status": "new",
            "value": ""
        },
        "Inner_diameter_mm": {
            "type": "expression",
            "expression": "",
            "status": "new",
            "value": ""
        },
        "Length_m": {
            "type": "expression",
            "expression": "",
            "status": "new",
            "value": ""
        },
        "Watercut_percent": {
            "type": "expression",
            "expression": "",
            "status": "new",
            "value": ""
        },
        "Liquid_flow_m3_day": {
            "type": "expression",
            "expression": "",
            "status": "new",
            "value": ""
        },
        "Free_gas_flow_m3_day": {
            "type": "expression",
            "expression": "",
            "status": "new",
            "value": ""
        },
        "Pressures_bar": {
            "type": "expression",
            "expression": "",
            "status": "new",
            "value": ""
        }
    }, 
    "ports": [
        {
            "name": "ioLeft",
            "type": [
                "IN",
                "OUT"
            ],
            "position": {
                "x": 0.0,
                "y": 0.5
            }
        },
        {
            "name": "ioRight",
            "type": [
                "IN",
                "OUT"
            ],
            "position": {
                "x": 1.0,
                "y": 0.5
            }
        },
        {
            "name": "ioTop",
            "type": [
                "IN",
                "OUT"
            ],
            "position": {
                "x": 0.5,
                "y": 0.0
            }
        },
        {
            "name": "ioLow",
            "type": [
                "IN",
                "OUT"
            ],
            "position": {
                "x": 0.5,
                "y": 1.0
            }
        }
    ]
}