{
    "title": "eeLine",
    "layout": {
        "heigth": 91,
        "width": 91
    },
    "image": "icon.svg",
    "properties": {
        "Тame": {
            "expression": "",
            "type": "expression"
        },
        "aliasName": {
            "expression": "",
            "type": "expression"
        },
        "description": {
            "expression": "",
            "type": "expression"
        },
        "length": {
            "expression": "",
            "type": "expression"
        }
    },
    "ports": [
        {
            "name": "ioLeft",
            "type": [
                "IN",
                "OUT"
            ],
            "position": {
                "x": 0.0,
                "y": 0.5
            }
        },
        {
            "name": "ioRight",
            "type": [
                "IN",
                "OUT"
            ],
            "position": {
                "x": 1.0,
                "y": 0.5
            }
        },
        {
            "name": "ioTop",
            "type": [
                "IN",
                "OUT"
            ],
            "position": {
                "x": 0.5,
                "y": 0.0
            }
        },
        {
            "name": "ioLow",
            "type": [
                "IN",
                "OUT"
            ],
            "position": {
                "x": 0.5,
                "y": 1.0
            }
        }
    ]
}